serial_number,manifest_id,scientific_name,common_name,tier,model_key,format,tradition,temperature,response_idx,pool,image_path
S0001,iNat_Panthera_tigris_tigris_04,Panthera tigris tigris,Bengal tiger,1,idefics3,factual,,0.3,1,stratified_random,data\iNaturalist\downloaded\tier1_iconic_common\Panthera_tigris_tigris\Panthera_tigris_tigris_04.jpg
S0002,GBIF_Panthera_leo_02,Panthera leo,African lion,1,qwen3vl8b,conservation,,0.3,2,forced_evasion,data\GBIF\downloaded\tier1_iconic_common\Panthera_leo\Panthera_leo_02.jpg
S0003,GBIF_Ailurus_fulgens_01,Ailurus fulgens,Red panda,2,llava16,mythological,Ancient Greek,0.7,0,stratified_random,data\GBIF\downloaded\tier2_regionally_known\Ailurus_fulgens\Ailurus_fulgens_01.jpg
S0004,GBIF_Balaenoptera_musculus_00,Balaenoptera musculus,Blue whale,3,ayavision,mythological,Celtic,0.3,0,forced_shr1,data\GBIF\downloaded\tier3_rare_endangered\Balaenoptera_musculus\Balaenoptera_musculus_00.jpg
S0005,iNat_Ursus_americanus_02,Ursus americanus,American black bear,4,llava_interleave,mythological,West African (Yoruba),0.3,0,forced_shr1,data\iNaturalist\downloaded\tier4_visually_confusable\Ursus_americanus\Ursus_americanus_02.jpg
S0006,GBIF_Panthera_leo_01,Panthera leo,African lion,1,qwen35_9b,childrens,,0.3,1,stratified_random,data\GBIF\downloaded\tier1_iconic_common\Panthera_leo\Panthera_leo_01.jpg
S0007,iNat_Panthera_tigris_tigris_01,Panthera tigris tigris,Bengal tiger,1,qwen25vl,factual,,0.3,2,forced_evasion,data\iNaturalist\downloaded\tier1_iconic_common\Panthera_tigris_tigris\Panthera_tigris_tigris_01.jpg
S0008,iNat_Phocoena_sinus_01,Phocoena sinus,Vaquita,3,gemma4_8b,mythological,Hindu,0.7,1,forced_shr1,data\iNaturalist\downloaded\tier3_rare_endangered\Phocoena_sinus\Phocoena_sinus_01.jpg
S0009,iNat_Panthera_tigris_tigris_04,Panthera tigris tigris,Bengal tiger,1,gemma3,childrens,,0.3,2,forced_shr1,data\iNaturalist\downloaded\tier1_iconic_common\Panthera_tigris_tigris\Panthera_tigris_tigris_04.jpg
S0010,iNat_Loxodonta_africana_00,Loxodonta africana,African elephant,4,idefics3,childrens,,0.3,0,forced_ehr0,data\iNaturalist\downloaded\tier4_visually_confusable\Loxodonta_africana\Loxodonta_africana_00.jpg
S0011,GBIF_Ursus_maritimus_02,Ursus maritimus,Polar bear,1,ayavision,childrens,,0.7,0,forced_shr1,data\GBIF\downloaded\tier1_iconic_common\Ursus_maritimus\Ursus_maritimus_02.jpg
S0012,iNat_Diceros_bicornis_04,Diceros bicornis,Black rhino,3,qwen35_9b,conservation,,0.3,1,forced_shr1,data\iNaturalist\downloaded\tier3_rare_endangered\Diceros_bicornis\Diceros_bicornis_04.jpg
S0013,iNat_Addax_nasomaculatus_03,Addax nasomaculatus,Addax,3,gemma3,factual,,0.7,1,forced_ehr_high,data\iNaturalist\downloaded\tier3_rare_endangered\Addax_nasomaculatus\Addax_nasomaculatus_03.jpg
S0014,GBIF_Alligator_mississippiensis_01,Alligator mississippiensis,American alligator,4,llava_interleave,conservation,,0.3,2,forced_shr1,data\GBIF\downloaded\tier4_visually_confusable\Alligator_mississippiensis\Alligator_mississippiensis_01.jpg
S0015,iNat_Ailuropoda_melanoleuca_04,Ailuropoda melanoleuca,Giant panda,1,qwen2vl2b,childrens,,0.7,1,forced_ehr0,data\iNaturalist\downloaded\tier1_iconic_common\Ailuropoda_melanoleuca\Ailuropoda_melanoleuca_04.jpg
S0016,iNat_Equus_quagga_03,Equus quagga,Plains zebra,1,idefics3,childrens,,0.7,0,forced_ehr0,data\iNaturalist\downloaded\tier1_iconic_common\Equus_quagga\Equus_quagga_03.jpg
S0017,iNat_Ursus_arctos_03,Ursus arctos,Grizzly bear,4,qwen25vl,factual,,0.7,0,forced_shr1,data\iNaturalist\downloaded\tier4_visually_confusable\Ursus_arctos\Ursus_arctos_03.jpg
S0018,GBIF_Equus_quagga_01,Equus quagga,Plains zebra,1,ayavision,mythological,East Asian (Chinese/Japanese),0.3,1,forced_ehr0,data\GBIF\downloaded\tier1_iconic_common\Equus_quagga\Equus_quagga_01.jpg
S0019,iNat_Setonix_brachyurus_01,Setonix brachyurus,Quokka,2,llava16,childrens,,0.7,0,forced_ehr0,data\iNaturalist\downloaded\tier2_regionally_known\Setonix_brachyurus\Setonix_brachyurus_01.jpg
S0020,iNat_Ursus_maritimus_03,Ursus maritimus,Polar bear,1,gemma4_8b,conservation,,0.7,0,forced_evasion,data\iNaturalist\downloaded\tier1_iconic_common\Ursus_maritimus\Ursus_maritimus_03.jpg
S0021,GBIF_Giraffa_camelopardalis_01,Giraffa camelopardalis,Giraffe,1,idefics3,conservation,,0.3,2,forced_ehr0,data\GBIF\downloaded\tier1_iconic_common\Giraffa_camelopardalis\Giraffa_camelopardalis_01.jpg
S0022,iNat_Addax_nasomaculatus_03,Addax nasomaculatus,Addax,3,ayavision,factual,,0.7,1,stratified_random,data\iNaturalist\downloaded\tier3_rare_endangered\Addax_nasomaculatus\Addax_nasomaculatus_03.jpg
S0023,iNat_Equus_quagga_04,Equus quagga,Plains zebra,1,llava16,conservation,,0.7,0,stratified_random,data\iNaturalist\downloaded\tier1_iconic_common\Equus_quagga\Equus_quagga_04.jpg
S0024,iNat_Panthera_leo_03,Panthera leo,African lion,1,qwen3vl8b,factual,,0.7,1,forced_evasion,data\iNaturalist\downloaded\tier1_iconic_common\Panthera_leo\Panthera_leo_03.jpg
S0025,GBIF_Probosciger_aterrimus_02,Probosciger aterrimus,Palm cockatoo,2,llava_interleave,mythological,Hindu,0.3,1,forced_shr1,data\GBIF\downloaded\tier2_regionally_known\Probosciger_aterrimus\Probosciger_aterrimus_02.jpg
S0026,iNat_Rhinoceros_unicornis_02,Rhinoceros unicornis,Indian rhinoceros,1,ayavision,factual,,0.3,0,stratified_random,data\iNaturalist\downloaded\tier1_iconic_common\Rhinoceros_unicornis\Rhinoceros_unicornis_02.jpg
S0027,iNat_Ailuropoda_melanoleuca_04,Ailuropoda melanoleuca,Giant panda,1,ayavision,childrens,,0.7,0,forced_ehr0,data\iNaturalist\downloaded\tier1_iconic_common\Ailuropoda_melanoleuca\Ailuropoda_melanoleuca_04.jpg
S0028,iNat_Ambystoma_mexicanum_04,Ambystoma mexicanum,Axolotl,2,llava16,conservation,,0.7,0,forced_shr1,data\iNaturalist\downloaded\tier2_regionally_known\Ambystoma_mexicanum\Ambystoma_mexicanum_04.jpg
S0029,GBIF_Ursus_americanus_01,Ursus americanus,American black bear,4,qwen2vl2b,factual,,0.7,0,forced_evasion,data\GBIF\downloaded\tier4_visually_confusable\Ursus_americanus\Ursus_americanus_01.jpg
S0030,GBIF_Panthera_tigris_tigris_00,Panthera tigris tigris,Bengal tiger,1,qwen2vl2b,conservation,,0.7,0,forced_shr1,data\GBIF\downloaded\tier1_iconic_common\Panthera_tigris_tigris\Panthera_tigris_tigris_00.jpg
S0031,GBIF_Loxodonta_africana_02,Loxodonta africana,African elephant,4,idefics3,childrens,,0.7,2,forced_shr1,data\GBIF\downloaded\tier4_visually_confusable\Loxodonta_africana\Loxodonta_africana_02.jpg
S0032,iNat_Hydrochoerus_hydrochaeris_02,Hydrochoerus hydrochaeris,Capybara,2,qwen3vl8b,factual,,0.3,2,forced_evasion,data\iNaturalist\downloaded\tier2_regionally_known\Hydrochoerus_hydrochaeris\Hydrochoerus_hydrochaeris_02.jpg
S0033,iNat_Alligator_mississippiensis_01,Alligator mississippiensis,American alligator,4,idefics3,conservation,,0.3,1,stratified_random,data\iNaturalist\downloaded\tier4_visually_confusable\Alligator_mississippiensis\Alligator_mississippiensis_01.jpg
S0034,GBIF_Panthera_tigris_tigris_02,Panthera tigris tigris,Bengal tiger,1,qwen25vl,childrens,,0.7,1,forced_ehr0,data\GBIF\downloaded\tier1_iconic_common\Panthera_tigris_tigris\Panthera_tigris_tigris_02.jpg
S0035,iNat_Giraffa_camelopardalis_03,Giraffa camelopardalis,Giraffe,1,idefics3,conservation,,0.7,2,forced_ehr0,data\iNaturalist\downloaded\tier1_iconic_common\Giraffa_camelopardalis\Giraffa_camelopardalis_03.jpg
S0036,iNat_Probosciger_aterrimus_03,Probosciger aterrimus,Palm cockatoo,2,gemma4_8b,childrens,,0.3,1,forced_evasion,data\iNaturalist\downloaded\tier2_regionally_known\Probosciger_aterrimus\Probosciger_aterrimus_03.jpg
S0037,iNat_Arctictis_binturong_03,Arctictis binturong,Binturong,2,qwen3vl8b,conservation,,0.7,2,forced_evasion,data\iNaturalist\downloaded\tier2_regionally_known\Arctictis_binturong\Arctictis_binturong_03.jpg
S0038,iNat_Ursus_arctos_03,Ursus arctos,Grizzly bear,4,qwen3vl8b,conservation,,0.7,0,stratified_random,data\iNaturalist\downloaded\tier4_visually_confusable\Ursus_arctos\Ursus_arctos_03.jpg
S0039,iNat_Ursus_maritimus_00,Ursus maritimus,Polar bear,1,llava_interleave,childrens,,0.7,2,forced_shr1,data\iNaturalist\downloaded\tier1_iconic_common\Ursus_maritimus\Ursus_maritimus_00.jpg
S0040,GBIF_Arctictis_binturong_00,Arctictis binturong,Binturong,2,gemma3,childrens,,0.7,1,forced_shr1,data\GBIF\downloaded\tier2_regionally_known\Arctictis_binturong\Arctictis_binturong_00.jpg
S0041,iNat_Elephas_maximus_02,Elephas maximus,Asian elephant,4,idefics3,childrens,,0.3,0,forced_ehr_high,data\iNaturalist\downloaded\tier4_visually_confusable\Elephas_maximus\Elephas_maximus_02.jpg
S0042,GBIF_Ursus_americanus_02,Ursus americanus,American black bear,4,qwen35_9b,mythological,East Asian (Chinese/Japanese),0.3,1,forced_evasion,data\GBIF\downloaded\tier4_visually_confusable\Ursus_americanus\Ursus_americanus_02.jpg
S0043,iNat_Arctictis_binturong_01,Arctictis binturong,Binturong,2,idefics3,mythological,Hindu,0.7,1,forced_shr1,data\iNaturalist\downloaded\tier2_regionally_known\Arctictis_binturong\Arctictis_binturong_01.jpg
S0044,iNat_Equus_quagga_02,Equus quagga,Plains zebra,1,llava_interleave,childrens,,0.7,0,forced_ehr0,data\iNaturalist\downloaded\tier1_iconic_common\Equus_quagga\Equus_quagga_02.jpg
S0045,iNat_Strigops_habroptila_00,Strigops habroptila,Kakapo,3,gemma4_8b,conservation,,0.7,1,forced_shr1,data\iNaturalist\downloaded\tier3_rare_endangered\Strigops_habroptila\Strigops_habroptila_00.jpg
S0046,iNat_Rhinoceros_unicornis_02,Rhinoceros unicornis,Indian rhinoceros,1,qwen35_9b,factual,,0.3,0,forced_shr1,data\iNaturalist\downloaded\tier1_iconic_common\Rhinoceros_unicornis\Rhinoceros_unicornis_02.jpg
S0047,GBIF_Alligator_mississippiensis_02,Alligator mississippiensis,American alligator,4,qwen35_9b,conservation,,0.7,2,forced_shr1,data\GBIF\downloaded\tier4_visually_confusable\Alligator_mississippiensis\Alligator_mississippiensis_02.jpg
S0048,iNat_Gorilla_beringei_beringei_01,Gorilla beringei beringei,Mountain gorilla,3,qwen2vl2b,mythological,Ancient Greek,0.7,2,forced_evasion,data\iNaturalist\downloaded\tier3_rare_endangered\Gorilla_beringei_beringei\Gorilla_beringei_beringei_01.jpg
S0049,iNat_Ursus_maritimus_03,Ursus maritimus,Polar bear,1,qwen3vl8b,factual,,0.3,2,forced_evasion,data\iNaturalist\downloaded\tier1_iconic_common\Ursus_maritimus\Ursus_maritimus_03.jpg
S0050,iNat_Addax_nasomaculatus_03,Addax nasomaculatus,Addax,3,ayavision,conservation,,0.7,2,forced_shr1,data\iNaturalist\downloaded\tier3_rare_endangered\Addax_nasomaculatus\Addax_nasomaculatus_03.jpg
S0051,GBIF_Balaenoptera_musculus_00,Balaenoptera musculus,Blue whale,3,llava16,mythological,Celtic,0.3,0,forced_shr1,data\GBIF\downloaded\tier3_rare_endangered\Balaenoptera_musculus\Balaenoptera_musculus_00.jpg
S0052,iNat_Ambystoma_mexicanum_04,Ambystoma mexicanum,Axolotl,2,gemma4_8b,factual,,0.7,0,forced_shr1,data\iNaturalist\downloaded\tier2_regionally_known\Ambystoma_mexicanum\Ambystoma_mexicanum_04.jpg
S0053,iNat_Arctictis_binturong_01,Arctictis binturong,Binturong,2,gemma3,factual,,0.3,0,forced_shr1,data\iNaturalist\downloaded\tier2_regionally_known\Arctictis_binturong\Arctictis_binturong_01.jpg
S0054,GBIF_Ambystoma_mexicanum_02,Ambystoma mexicanum,Axolotl,2,qwen2vl2b,mythological,Hindu,0.3,1,forced_evasion,data\GBIF\downloaded\tier2_regionally_known\Ambystoma_mexicanum\Ambystoma_mexicanum_02.jpg
S0055,iNat_Ambystoma_mexicanum_01,Ambystoma mexicanum,Axolotl,2,qwen2vl2b,conservation,,0.3,1,forced_shr1,data\iNaturalist\downloaded\tier2_regionally_known\Ambystoma_mexicanum\Ambystoma_mexicanum_01.jpg
S0056,GBIF_Alligator_mississippiensis_01,Alligator mississippiensis,American alligator,4,qwen25vl,mythological,West African (Yoruba),0.3,1,forced_shr1,data\GBIF\downloaded\tier4_visually_confusable\Alligator_mississippiensis\Alligator_mississippiensis_01.jpg
S0057,GBIF_Gorilla_beringei_beringei_00,Gorilla beringei beringei,Mountain gorilla,3,idefics3,conservation,,0.7,1,forced_evasion,data\GBIF\downloaded\tier3_rare_endangered\Gorilla_beringei_beringei\Gorilla_beringei_beringei_00.jpg
S0058,iNat_Loxodonta_africana_04,Loxodonta africana,African elephant,4,qwen2vl2b,childrens,,0.7,2,forced_ehr0,data\iNaturalist\downloaded\tier4_visually_confusable\Loxodonta_africana\Loxodonta_africana_04.jpg
S0059,GBIF_Panthera_onca_02,Panthera onca,Jaguar,1,gemma3,conservation,,0.7,0,forced_shr1,data\GBIF\downloaded\tier1_iconic_common\Panthera_onca\Panthera_onca_02.jpg
S0060,GBIF_Equus_quagga_01,Equus quagga,Plains zebra,1,llava16,mythological,East Asian (Chinese/Japanese),0.3,1,stratified_random,data\GBIF\downloaded\tier1_iconic_common\Equus_quagga\Equus_quagga_01.jpg
S0061,GBIF_Panthera_pardus_01,Panthera pardus,Leopard,4,gemma3,conservation,,0.7,2,forced_shr1,data\GBIF\downloaded\tier4_visually_confusable\Panthera_pardus\Panthera_pardus_01.jpg
S0062,GBIF_Panthera_onca_01,Panthera onca,Jaguar,1,gemma3,mythological,East Asian (Chinese/Japanese),0.7,1,forced_evasion,data\GBIF\downloaded\tier1_iconic_common\Panthera_onca\Panthera_onca_01.jpg
S0063,GBIF_Ursus_arctos_00,Ursus arctos,Grizzly bear,4,gemma3,factual,,0.3,2,forced_shr1,data\GBIF\downloaded\tier4_visually_confusable\Ursus_arctos\Ursus_arctos_00.jpg
S0064,GBIF_Crocodylus_niloticus_01,Crocodylus niloticus,Nile crocodile,4,qwen35_9b,conservation,,0.3,1,forced_shr1,data\GBIF\downloaded\tier4_visually_confusable\Crocodylus_niloticus\Crocodylus_niloticus_01.jpg
S0065,GBIF_Ursus_americanus_01,Ursus americanus,American black bear,4,llava_interleave,mythological,Celtic,0.3,1,forced_shr1,data\GBIF\downloaded\tier4_visually_confusable\Ursus_americanus\Ursus_americanus_01.jpg
S0066,iNat_Ailurus_fulgens_01,Ailurus fulgens,Red panda,2,qwen25vl,mythological,East Asian (Chinese/Japanese),0.3,0,forced_shr1,data\iNaturalist\downloaded\tier2_regionally_known\Ailurus_fulgens\Ailurus_fulgens_01.jpg
S0067,iNat_Addax_nasomaculatus_03,Addax nasomaculatus,Addax,3,gemma4_8b,conservation,,0.7,1,forced_shr1,data\iNaturalist\downloaded\tier3_rare_endangered\Addax_nasomaculatus\Addax_nasomaculatus_03.jpg
S0068,iNat_Balaenoptera_musculus_04,Balaenoptera musculus,Blue whale,3,llava16,factual,,0.7,2,forced_shr1,data\iNaturalist\downloaded\tier3_rare_endangered\Balaenoptera_musculus\Balaenoptera_musculus_04.jpg
S0069,iNat_Panthera_pardus_orientalis_00,Panthera pardus orientalis,Amur leopard,3,qwen2vl2b,conservation,,0.7,1,forced_shr1,data\iNaturalist\downloaded\tier3_rare_endangered\Panthera_pardus_orientalis\Panthera_pardus_orientalis_00.jpg
S0070,iNat_Patagioenas_squamosa_00,Patagioenas squamosa,Scaly-naped pigeon,2,gemma4_8b,mythological,Celtic,0.3,0,forced_shr1,data\iNaturalist\downloaded\tier2_regionally_known\Patagioenas_squamosa\Patagioenas_squamosa_00.jpg
S0071,iNat_Strigops_habroptila_03,Strigops habroptila,Kakapo,3,gemma4_8b,conservation,,0.7,0,forced_shr1,data\iNaturalist\downloaded\tier3_rare_endangered\Strigops_habroptila\Strigops_habroptila_03.jpg
S0072,GBIF_Panthera_leo_02,Panthera leo,African lion,1,gemma3,mythological,West African (Yoruba),0.3,2,forced_evasion,data\GBIF\downloaded\tier1_iconic_common\Panthera_leo\Panthera_leo_02.jpg
S0073,GBIF_Ambystoma_mexicanum_01,Ambystoma mexicanum,Axolotl,2,gemma3,mythological,East Asian (Chinese/Japanese),0.3,2,forced_shr1,data\GBIF\downloaded\tier2_regionally_known\Ambystoma_mexicanum\Ambystoma_mexicanum_01.jpg
S0074,GBIF_Ursus_maritimus_00,Ursus maritimus,Polar bear,1,llava_interleave,conservation,,0.3,2,forced_shr1,data\GBIF\downloaded\tier1_iconic_common\Ursus_maritimus\Ursus_maritimus_00.jpg
S0075,iNat_Ursus_arctos_03,Ursus arctos,Grizzly bear,4,qwen3vl8b,factual,,0.7,0,forced_evasion,data\iNaturalist\downloaded\tier4_visually_confusable\Ursus_arctos\Ursus_arctos_03.jpg
S0076,GBIF_Ursus_arctos_02,Ursus arctos,Grizzly bear,4,ayavision,conservation,,0.7,2,forced_shr1,data\GBIF\downloaded\tier4_visually_confusable\Ursus_arctos\Ursus_arctos_02.jpg
S0077,iNat_Ambystoma_mexicanum_03,Ambystoma mexicanum,Axolotl,2,qwen2vl2b,childrens,,0.7,2,forced_shr1,data\iNaturalist\downloaded\tier2_regionally_known\Ambystoma_mexicanum\Ambystoma_mexicanum_03.jpg
S0078,GBIF_Panthera_pardus_orientalis_02,Panthera pardus orientalis,Amur leopard,3,gemma4_8b,mythological,West African (Yoruba),0.7,0,forced_ehr_high,data\GBIF\downloaded\tier3_rare_endangered\Panthera_pardus_orientalis\Panthera_pardus_orientalis_02.jpg
S0079,iNat_Rhinoceros_unicornis_04,Rhinoceros unicornis,Indian rhinoceros,1,llava_interleave,childrens,,0.7,1,forced_evasion,data\iNaturalist\downloaded\tier1_iconic_common\Rhinoceros_unicornis\Rhinoceros_unicornis_04.jpg
S0080,iNat_Hydrochoerus_hydrochaeris_00,Hydrochoerus hydrochaeris,Capybara,2,llava_interleave,conservation,,0.7,2,forced_shr1,data\iNaturalist\downloaded\tier2_regionally_known\Hydrochoerus_hydrochaeris\Hydrochoerus_hydrochaeris_00.jpg
S0081,GBIF_Panthera_onca_02,Panthera onca,Jaguar,1,qwen2vl2b,factual,,0.3,0,forced_ehr0,data\GBIF\downloaded\tier1_iconic_common\Panthera_onca\Panthera_onca_02.jpg
S0082,iNat_Diceros_bicornis_04,Diceros bicornis,Black rhino,3,ayavision,childrens,,0.7,1,forced_evasion,data\iNaturalist\downloaded\tier3_rare_endangered\Diceros_bicornis\Diceros_bicornis_04.jpg
S0083,iNat_Tapirus_terrestris_04,Tapirus terrestris,South American tapir,2,llava_interleave,factual,,0.7,2,forced_evasion,data\iNaturalist\downloaded\tier2_regionally_known\Tapirus_terrestris\Tapirus_terrestris_04.jpg
S0084,GBIF_Gorilla_beringei_beringei_01,Gorilla beringei beringei,Mountain gorilla,3,qwen25vl,mythological,Celtic,0.7,0,forced_ehr_high,data\GBIF\downloaded\tier3_rare_endangered\Gorilla_beringei_beringei\Gorilla_beringei_beringei_01.jpg
S0085,iNat_Alligator_mississippiensis_04,Alligator mississippiensis,American alligator,4,qwen25vl,conservation,,0.7,0,forced_shr1,data\iNaturalist\downloaded\tier4_visually_confusable\Alligator_mississippiensis\Alligator_mississippiensis_04.jpg
S0086,iNat_Diceros_bicornis_02,Diceros bicornis,Black rhino,3,qwen35_9b,mythological,East Asian (Chinese/Japanese),0.3,1,stratified_random,data\iNaturalist\downloaded\tier3_rare_endangered\Diceros_bicornis\Diceros_bicornis_02.jpg
S0087,iNat_Panthera_pardus_01,Panthera pardus,Leopard,4,qwen3vl8b,conservation,,0.7,0,forced_shr1,data\iNaturalist\downloaded\tier4_visually_confusable\Panthera_pardus\Panthera_pardus_01.jpg
S0088,GBIF_Panthera_pardus_orientalis_00,Panthera pardus orientalis,Amur leopard,3,idefics3,mythological,Hindu,0.7,0,forced_ehr_high,data\GBIF\downloaded\tier3_rare_endangered\Panthera_pardus_orientalis\Panthera_pardus_orientalis_00.jpg
S0089,iNat_Hippopotamus_amphibius_01,Hippopotamus amphibius,Hippopotamus,1,gemma3,childrens,,0.7,0,forced_ehr0,data\iNaturalist\downloaded\tier1_iconic_common\Hippopotamus_amphibius\Hippopotamus_amphibius_01.jpg
S0090,GBIF_Ursus_arctos_01,Ursus arctos,Grizzly bear,4,qwen2vl2b,mythological,Ancient Greek,0.7,1,forced_ehr0,data\GBIF\downloaded\tier4_visually_confusable\Ursus_arctos\Ursus_arctos_01.jpg
S0091,iNat_Panthera_onca_03,Panthera onca,Jaguar,1,llava_interleave,conservation,,0.3,2,forced_shr1,data\iNaturalist\downloaded\tier1_iconic_common\Panthera_onca\Panthera_onca_03.jpg
S0092,iNat_Setonix_brachyurus_02,Setonix brachyurus,Quokka,2,gemma3,childrens,,0.3,2,forced_ehr0,data\iNaturalist\downloaded\tier2_regionally_known\Setonix_brachyurus\Setonix_brachyurus_02.jpg
S0093,iNat_Dermochelys_coriacea_04,Dermochelys coriacea,Leatherback sea turtle,3,llava_interleave,childrens,,0.3,0,forced_shr1,data\iNaturalist\downloaded\tier3_rare_endangered\Dermochelys_coriacea\Dermochelys_coriacea_04.jpg
S0094,GBIF_Ailuropoda_melanoleuca_01,Ailuropoda melanoleuca,Giant panda,1,qwen3vl8b,childrens,,0.3,1,forced_ehr0,data\GBIF\downloaded\tier1_iconic_common\Ailuropoda_melanoleuca\Ailuropoda_melanoleuca_01.jpg
S0095,GBIF_Balaenoptera_musculus_00,Balaenoptera musculus,Blue whale,3,llava_interleave,factual,,0.3,0,forced_shr1,data\GBIF\downloaded\tier3_rare_endangered\Balaenoptera_musculus\Balaenoptera_musculus_00.jpg
S0096,iNat_Patagioenas_squamosa_04,Patagioenas squamosa,Scaly-naped pigeon,2,qwen3vl8b,factual,,0.7,2,forced_ehr_high,data\iNaturalist\downloaded\tier2_regionally_known\Patagioenas_squamosa\Patagioenas_squamosa_04.jpg
S0097,iNat_Loxodonta_africana_03,Loxodonta africana,African elephant,4,qwen35_9b,mythological,West African (Yoruba),0.7,1,forced_evasion,data\iNaturalist\downloaded\tier4_visually_confusable\Loxodonta_africana\Loxodonta_africana_03.jpg
S0098,GBIF_Acipenser_sturio_00,Acipenser sturio,European sturgeon,3,qwen35_9b,childrens,,0.3,0,forced_ehr0,data\GBIF\downloaded\tier3_rare_endangered\Acipenser_sturio\Acipenser_sturio_00.jpg
S0099,iNat_Haliaeetus_leucocephalus_04,Haliaeetus leucocephalus,Bald eagle,4,qwen35_9b,childrens,,0.7,0,forced_evasion,data\iNaturalist\downloaded\tier4_visually_confusable\Haliaeetus_leucocephalus\Haliaeetus_leucocephalus_04.jpg
S0100,iNat_Giraffa_camelopardalis_01,Giraffa camelopardalis,Giraffe,1,qwen3vl8b,conservation,,0.7,1,forced_ehr0,data\iNaturalist\downloaded\tier1_iconic_common\Giraffa_camelopardalis\Giraffa_camelopardalis_01.jpg
S0101,iNat_Ursus_maritimus_03,Ursus maritimus,Polar bear,1,gemma4_8b,mythological,Celtic,0.7,0,forced_shr1,data\iNaturalist\downloaded\tier1_iconic_common\Ursus_maritimus\Ursus_maritimus_03.jpg
S0102,GBIF_Giraffa_camelopardalis_01,Giraffa camelopardalis,Giraffe,1,gemma3,conservation,,0.3,0,forced_shr1,data\GBIF\downloaded\tier1_iconic_common\Giraffa_camelopardalis\Giraffa_camelopardalis_01.jpg
S0103,iNat_Panthera_tigris_tigris_04,Panthera tigris tigris,Bengal tiger,1,gemma3,factual,,0.3,2,forced_shr1,data\iNaturalist\downloaded\tier1_iconic_common\Panthera_tigris_tigris\Panthera_tigris_tigris_04.jpg
S0104,iNat_Loxodonta_africana_04,Loxodonta africana,African elephant,4,qwen3vl8b,mythological,Celtic,0.7,1,forced_ehr0,data\iNaturalist\downloaded\tier4_visually_confusable\Loxodonta_africana\Loxodonta_africana_04.jpg
S0105,iNat_Diceros_bicornis_00,Diceros bicornis,Black rhino,3,qwen3vl8b,mythological,West African (Yoruba),0.3,0,forced_ehr_high,data\iNaturalist\downloaded\tier3_rare_endangered\Diceros_bicornis\Diceros_bicornis_00.jpg
S0106,iNat_Tapirus_terrestris_03,Tapirus terrestris,South American tapir,2,idefics3,factual,,0.3,2,forced_ehr_high,data\iNaturalist\downloaded\tier2_regionally_known\Tapirus_terrestris\Tapirus_terrestris_03.jpg
S0107,iNat_Ursus_americanus_02,Ursus americanus,American black bear,4,qwen35_9b,conservation,,0.3,0,forced_evasion,data\iNaturalist\downloaded\tier4_visually_confusable\Ursus_americanus\Ursus_americanus_02.jpg
S0108,iNat_Panthera_pardus_orientalis_00,Panthera pardus orientalis,Amur leopard,3,qwen2vl2b,childrens,,0.3,2,forced_shr1,data\iNaturalist\downloaded\tier3_rare_endangered\Panthera_pardus_orientalis\Panthera_pardus_orientalis_00.jpg
S0109,iNat_Strigops_habroptila_02,Strigops habroptila,Kakapo,3,gemma3,factual,,0.3,2,forced_shr1,data\iNaturalist\downloaded\tier3_rare_endangered\Strigops_habroptila\Strigops_habroptila_02.jpg
S0110,iNat_Tapirus_terrestris_02,Tapirus terrestris,South American tapir,2,idefics3,childrens,,0.7,0,forced_shr1,data\iNaturalist\downloaded\tier2_regionally_known\Tapirus_terrestris\Tapirus_terrestris_02.jpg
S0111,iNat_Panthera_pardus_04,Panthera pardus,Leopard,4,qwen3vl8b,factual,,0.7,0,forced_evasion,data\iNaturalist\downloaded\tier4_visually_confusable\Panthera_pardus\Panthera_pardus_04.jpg
S0112,GBIF_Gorilla_beringei_beringei_00,Gorilla beringei beringei,Mountain gorilla,3,idefics3,childrens,,0.7,2,forced_ehr_high,data\GBIF\downloaded\tier3_rare_endangered\Gorilla_beringei_beringei\Gorilla_beringei_beringei_00.jpg
S0113,GBIF_Ailurus_fulgens_01,Ailurus fulgens,Red panda,2,gemma3,factual,,0.3,2,forced_evasion,data\GBIF\downloaded\tier2_regionally_known\Ailurus_fulgens\Ailurus_fulgens_01.jpg
S0114,GBIF_Ambystoma_mexicanum_01,Ambystoma mexicanum,Axolotl,2,qwen25vl,mythological,East Asian (Chinese/Japanese),0.3,2,stratified_random,data\GBIF\downloaded\tier2_regionally_known\Ambystoma_mexicanum\Ambystoma_mexicanum_01.jpg
S0115,iNat_Panthera_tigris_tigris_03,Panthera tigris tigris,Bengal tiger,1,ayavision,mythological,West African (Yoruba),0.7,2,forced_shr1,data\iNaturalist\downloaded\tier1_iconic_common\Panthera_tigris_tigris\Panthera_tigris_tigris_03.jpg
S0116,GBIF_Tapirus_terrestris_02,Tapirus terrestris,South American tapir,2,qwen35_9b,conservation,,0.7,0,forced_shr1,data\GBIF\downloaded\tier2_regionally_known\Tapirus_terrestris\Tapirus_terrestris_02.jpg
S0117,iNat_Pan_troglodytes_03,Pan troglodytes,Chimpanzee,1,llava_interleave,childrens,,0.7,1,forced_evasion,data\iNaturalist\downloaded\tier1_iconic_common\Pan_troglodytes\Pan_troglodytes_03.jpg
S0118,GBIF_Ambystoma_mexicanum_01,Ambystoma mexicanum,Axolotl,2,ayavision,mythological,East Asian (Chinese/Japanese),0.3,1,forced_shr1,data\GBIF\downloaded\tier2_regionally_known\Ambystoma_mexicanum\Ambystoma_mexicanum_01.jpg
S0119,iNat_Acipenser_sturio_01,Acipenser sturio,European sturgeon,3,idefics3,childrens,,0.7,2,forced_ehr0,data\iNaturalist\downloaded\tier3_rare_endangered\Acipenser_sturio\Acipenser_sturio_01.jpg
S0120,GBIF_Panthera_pardus_orientalis_01,Panthera pardus orientalis,Amur leopard,3,gemma4_8b,childrens,,0.7,1,stratified_random,data\GBIF\downloaded\tier3_rare_endangered\Panthera_pardus_orientalis\Panthera_pardus_orientalis_01.jpg
S0121,iNat_Panthera_leo_02,Panthera leo,African lion,1,gemma4_8b,childrens,,0.3,2,forced_ehr0,data\iNaturalist\downloaded\tier1_iconic_common\Panthera_leo\Panthera_leo_02.jpg
S0122,GBIF_Addax_nasomaculatus_00,Addax nasomaculatus,Addax,3,qwen2vl2b,factual,,0.3,0,forced_evasion,data\GBIF\downloaded\tier3_rare_endangered\Addax_nasomaculatus\Addax_nasomaculatus_00.jpg
S0123,GBIF_Panthera_pardus_orientalis_01,Panthera pardus orientalis,Amur leopard,3,qwen3vl8b,factual,,0.3,1,forced_evasion,data\GBIF\downloaded\tier3_rare_endangered\Panthera_pardus_orientalis\Panthera_pardus_orientalis_01.jpg
S0124,iNat_Tapirus_terrestris_03,Tapirus terrestris,South American tapir,2,qwen3vl8b,conservation,,0.7,0,forced_shr1,data\iNaturalist\downloaded\tier2_regionally_known\Tapirus_terrestris\Tapirus_terrestris_03.jpg
S0125,iNat_Addax_nasomaculatus_03,Addax nasomaculatus,Addax,3,gemma4_8b,factual,,0.7,1,forced_shr1,data\iNaturalist\downloaded\tier3_rare_endangered\Addax_nasomaculatus\Addax_nasomaculatus_03.jpg
S0126,iNat_Ursus_maritimus_03,Ursus maritimus,Polar bear,1,qwen35_9b,mythological,Celtic,0.7,0,stratified_random,data\iNaturalist\downloaded\tier1_iconic_common\Ursus_maritimus\Ursus_maritimus_03.jpg
S0127,iNat_Alligator_mississippiensis_01,Alligator mississippiensis,American alligator,4,qwen2vl2b,conservation,,0.3,1,forced_shr1,data\iNaturalist\downloaded\tier4_visually_confusable\Alligator_mississippiensis\Alligator_mississippiensis_01.jpg
S0128,iNat_Addax_nasomaculatus_03,Addax nasomaculatus,Addax,3,gemma3,childrens,,0.7,1,stratified_random,data\iNaturalist\downloaded\tier3_rare_endangered\Addax_nasomaculatus\Addax_nasomaculatus_03.jpg
S0129,iNat_Ursus_arctos_03,Ursus arctos,Grizzly bear,4,idefics3,factual,,0.7,0,forced_evasion,data\iNaturalist\downloaded\tier4_visually_confusable\Ursus_arctos\Ursus_arctos_03.jpg
S0130,iNat_Hippopotamus_amphibius_01,Hippopotamus amphibius,Hippopotamus,1,llava16,conservation,,0.3,1,forced_shr1,data\iNaturalist\downloaded\tier1_iconic_common\Hippopotamus_amphibius\Hippopotamus_amphibius_01.jpg
S0131,iNat_Pan_troglodytes_00,Pan troglodytes,Chimpanzee,1,llava16,childrens,,0.7,2,forced_ehr0,data\iNaturalist\downloaded\tier1_iconic_common\Pan_troglodytes\Pan_troglodytes_00.jpg
S0132,iNat_Ursus_maritimus_03,Ursus maritimus,Polar bear,1,idefics3,conservation,,0.7,0,forced_shr1,data\iNaturalist\downloaded\tier1_iconic_common\Ursus_maritimus\Ursus_maritimus_03.jpg
S0133,iNat_Dermochelys_coriacea_04,Dermochelys coriacea,Leatherback sea turtle,3,llava16,conservation,,0.7,2,forced_evasion,data\iNaturalist\downloaded\tier3_rare_endangered\Dermochelys_coriacea\Dermochelys_coriacea_04.jpg
S0134,GBIF_Ambystoma_mexicanum_01,Ambystoma mexicanum,Axolotl,2,ayavision,childrens,,0.3,1,stratified_random,data\GBIF\downloaded\tier2_regionally_known\Ambystoma_mexicanum\Ambystoma_mexicanum_01.jpg
S0135,iNat_Myrmecophaga_tridactyla_04,Myrmecophaga tridactyla,Giant anteater,2,llava_interleave,conservation,,0.7,0,stratified_random,data\iNaturalist\downloaded\tier2_regionally_known\Myrmecophaga_tridactyla\Myrmecophaga_tridactyla_04.jpg
S0136,GBIF_Ursus_americanus_02,Ursus americanus,American black bear,4,qwen25vl,mythological,East Asian (Chinese/Japanese),0.7,1,forced_evasion,data\GBIF\downloaded\tier4_visually_confusable\Ursus_americanus\Ursus_americanus_02.jpg
S0137,iNat_Rhincodon_typus_01,Rhincodon typus,Whale shark,2,gemma4_8b,factual,,0.3,2,forced_shr1,data\iNaturalist\downloaded\tier2_regionally_known\Rhincodon_typus\Rhincodon_typus_01.jpg
S0138,GBIF_Hydrochoerus_hydrochaeris_01,Hydrochoerus hydrochaeris,Capybara,2,idefics3,childrens,,0.7,1,forced_ehr0,data\GBIF\downloaded\tier2_regionally_known\Hydrochoerus_hydrochaeris\Hydrochoerus_hydrochaeris_01.jpg
S0139,iNat_Balaenoptera_musculus_01,Balaenoptera musculus,Blue whale,3,qwen35_9b,conservation,,0.7,2,forced_shr1,data\iNaturalist\downloaded\tier3_rare_endangered\Balaenoptera_musculus\Balaenoptera_musculus_01.jpg
S0140,GBIF_Diceros_bicornis_01,Diceros bicornis,Black rhino,3,gemma3,mythological,Hindu,0.3,0,forced_ehr_high,data\GBIF\downloaded\tier3_rare_endangered\Diceros_bicornis\Diceros_bicornis_01.jpg
S0141,GBIF_Alligator_mississippiensis_01,Alligator mississippiensis,American alligator,4,gemma4_8b,factual,,0.3,1,forced_shr1,data\GBIF\downloaded\tier4_visually_confusable\Alligator_mississippiensis\Alligator_mississippiensis_01.jpg
S0142,iNat_Arctictis_binturong_02,Arctictis binturong,Binturong,2,qwen25vl,conservation,,0.7,1,forced_shr1,data\iNaturalist\downloaded\tier2_regionally_known\Arctictis_binturong\Arctictis_binturong_02.jpg
S0143,GBIF_Hydrochoerus_hydrochaeris_00,Hydrochoerus hydrochaeris,Capybara,2,qwen2vl2b,mythological,East Asian (Chinese/Japanese),0.7,1,forced_shr1,data\GBIF\downloaded\tier2_regionally_known\Hydrochoerus_hydrochaeris\Hydrochoerus_hydrochaeris_00.jpg
S0144,iNat_Pseudoryx_nghetinhensis_00,Pseudoryx nghetinhensis,Saola,3,qwen25vl,childrens,,0.7,2,forced_evasion,data\iNaturalist\downloaded\tier3_rare_endangered\Pseudoryx_nghetinhensis\Pseudoryx_nghetinhensis_00.jpg
S0145,GBIF_Aquila_chrysaetos_00,Aquila chrysaetos,Golden eagle,4,qwen2vl2b,mythological,East Asian (Chinese/Japanese),0.7,1,forced_shr1,data\GBIF\downloaded\tier4_visually_confusable\Aquila_chrysaetos\Aquila_chrysaetos_00.jpg
S0146,GBIF_Pan_troglodytes_00,Pan troglodytes,Chimpanzee,1,llava16,mythological,West African (Yoruba),0.7,2,forced_shr1,data\GBIF\downloaded\tier1_iconic_common\Pan_troglodytes\Pan_troglodytes_00.jpg
S0147,iNat_Diceros_bicornis_01,Diceros bicornis,Black rhino,3,qwen35_9b,conservation,,0.3,2,forced_shr1,data\iNaturalist\downloaded\tier3_rare_endangered\Diceros_bicornis\Diceros_bicornis_01.jpg
S0148,iNat_Panthera_onca_03,Panthera onca,Jaguar,1,qwen25vl,childrens,,0.3,2,forced_shr1,data\iNaturalist\downloaded\tier1_iconic_common\Panthera_onca\Panthera_onca_03.jpg
S0149,iNat_Ursus_maritimus_04,Ursus maritimus,Polar bear,1,qwen3vl8b,childrens,,0.7,1,forced_shr1,data\iNaturalist\downloaded\tier1_iconic_common\Ursus_maritimus\Ursus_maritimus_04.jpg
S0150,iNat_Ailuropoda_melanoleuca_02,Ailuropoda melanoleuca,Giant panda,1,ayavision,childrens,,0.3,1,forced_ehr0,data\iNaturalist\downloaded\tier1_iconic_common\Ailuropoda_melanoleuca\Ailuropoda_melanoleuca_02.jpg
S0151,iNat_Panthera_pardus_orientalis_04,Panthera pardus orientalis,Amur leopard,3,qwen35_9b,childrens,,0.3,2,forced_shr1,data\iNaturalist\downloaded\tier3_rare_endangered\Panthera_pardus_orientalis\Panthera_pardus_orientalis_04.jpg
S0152,GBIF_Panthera_pardus_orientalis_02,Panthera pardus orientalis,Amur leopard,3,llava16,childrens,,0.7,1,forced_shr1,data\GBIF\downloaded\tier3_rare_endangered\Panthera_pardus_orientalis\Panthera_pardus_orientalis_02.jpg
S0153,GBIF_Patagioenas_squamosa_00,Patagioenas squamosa,Scaly-naped pigeon,2,qwen25vl,mythological,Hindu,0.3,1,forced_shr1,data\GBIF\downloaded\tier2_regionally_known\Patagioenas_squamosa\Patagioenas_squamosa_00.jpg
S0154,iNat_Strigops_habroptila_03,Strigops habroptila,Kakapo,3,llava_interleave,conservation,,0.7,0,forced_shr1,data\iNaturalist\downloaded\tier3_rare_endangered\Strigops_habroptila\Strigops_habroptila_03.jpg
S0155,iNat_Panthera_leo_04,Panthera leo,African lion,1,qwen35_9b,mythological,West African (Yoruba),0.7,1,forced_evasion,data\iNaturalist\downloaded\tier1_iconic_common\Panthera_leo\Panthera_leo_04.jpg
S0156,GBIF_Ambystoma_mexicanum_00,Ambystoma mexicanum,Axolotl,2,gemma3,childrens,,0.7,1,forced_evasion,data\GBIF\downloaded\tier2_regionally_known\Ambystoma_mexicanum\Ambystoma_mexicanum_00.jpg
S0157,iNat_Loxodonta_africana_02,Loxodonta africana,African elephant,4,qwen35_9b,childrens,,0.3,2,forced_ehr0,data\iNaturalist\downloaded\tier4_visually_confusable\Loxodonta_africana\Loxodonta_africana_02.jpg
S0158,iNat_Ailuropoda_melanoleuca_00,Ailuropoda melanoleuca,Giant panda,1,qwen2vl2b,childrens,,0.3,0,forced_ehr0,data\iNaturalist\downloaded\tier1_iconic_common\Ailuropoda_melanoleuca\Ailuropoda_melanoleuca_00.jpg
S0159,GBIF_Acipenser_sturio_02,Acipenser sturio,European sturgeon,3,ayavision,conservation,,0.3,1,forced_shr1,data\GBIF\downloaded\tier3_rare_endangered\Acipenser_sturio\Acipenser_sturio_02.jpg
S0160,iNat_Pseudoryx_nghetinhensis_00,Pseudoryx nghetinhensis,Saola,3,llava_interleave,conservation,,0.3,0,forced_ehr_high,data\iNaturalist\downloaded\tier3_rare_endangered\Pseudoryx_nghetinhensis\Pseudoryx_nghetinhensis_00.jpg
S0161,iNat_Ambystoma_mexicanum_04,Ambystoma mexicanum,Axolotl,2,ayavision,conservation,,0.7,0,forced_shr1,data\iNaturalist\downloaded\tier2_regionally_known\Ambystoma_mexicanum\Ambystoma_mexicanum_04.jpg
S0162,GBIF_Alligator_mississippiensis_01,Alligator mississippiensis,American alligator,4,llava16,mythological,West African (Yoruba),0.3,1,forced_shr1,data\GBIF\downloaded\tier4_visually_confusable\Alligator_mississippiensis\Alligator_mississippiensis_01.jpg
S0163,GBIF_Probosciger_aterrimus_01,Probosciger aterrimus,Palm cockatoo,2,ayavision,mythological,East Asian (Chinese/Japanese),0.7,0,forced_ehr_high,data\GBIF\downloaded\tier2_regionally_known\Probosciger_aterrimus\Probosciger_aterrimus_01.jpg
S0164,iNat_Aquila_chrysaetos_00,Aquila chrysaetos,Golden eagle,4,llava16,childrens,,0.7,1,forced_ehr0,data\iNaturalist\downloaded\tier4_visually_confusable\Aquila_chrysaetos\Aquila_chrysaetos_00.jpg
S0165,GBIF_Giraffa_camelopardalis_02,Giraffa camelopardalis,Giraffe,1,llava_interleave,conservation,,0.7,0,forced_ehr0,data\GBIF\downloaded\tier1_iconic_common\Giraffa_camelopardalis\Giraffa_camelopardalis_02.jpg
S0166,GBIF_Rhinoceros_unicornis_01,Rhinoceros unicornis,Indian rhinoceros,1,llava_interleave,mythological,Hindu,0.7,2,forced_ehr_high,data\GBIF\downloaded\tier1_iconic_common\Rhinoceros_unicornis\Rhinoceros_unicornis_01.jpg
S0167,iNat_Aquila_chrysaetos_00,Aquila chrysaetos,Golden eagle,4,gemma3,conservation,,0.3,1,forced_shr1,data\iNaturalist\downloaded\tier4_visually_confusable\Aquila_chrysaetos\Aquila_chrysaetos_00.jpg
S0168,iNat_Ursus_arctos_03,Ursus arctos,Grizzly bear,4,ayavision,mythological,Ancient Greek,0.7,0,forced_shr1,data\iNaturalist\downloaded\tier4_visually_confusable\Ursus_arctos\Ursus_arctos_03.jpg
S0169,iNat_Phocoena_sinus_02,Phocoena sinus,Vaquita,3,llava16,factual,,0.7,2,forced_shr1,data\iNaturalist\downloaded\tier3_rare_endangered\Phocoena_sinus\Phocoena_sinus_02.jpg
S0170,GBIF_Equus_quagga_01,Equus quagga,Plains zebra,1,idefics3,mythological,East Asian (Chinese/Japanese),0.3,1,forced_shr1,data\GBIF\downloaded\tier1_iconic_common\Equus_quagga\Equus_quagga_01.jpg
S0171,GBIF_Panthera_pardus_01,Panthera pardus,Leopard,4,qwen2vl2b,factual,,0.7,1,forced_evasion,data\GBIF\downloaded\tier4_visually_confusable\Panthera_pardus\Panthera_pardus_01.jpg
S0172,iNat_Myrmecophaga_tridactyla_02,Myrmecophaga tridactyla,Giant anteater,2,gemma4_8b,mythological,West African (Yoruba),0.7,0,forced_shr1,data\iNaturalist\downloaded\tier2_regionally_known\Myrmecophaga_tridactyla\Myrmecophaga_tridactyla_02.jpg
S0173,iNat_Alligator_mississippiensis_02,Alligator mississippiensis,American alligator,4,qwen2vl2b,childrens,,0.3,0,forced_shr1,data\iNaturalist\downloaded\tier4_visually_confusable\Alligator_mississippiensis\Alligator_mississippiensis_02.jpg
S0174,iNat_Panthera_onca_03,Panthera onca,Jaguar,1,llava_interleave,childrens,,0.3,0,stratified_random,data\iNaturalist\downloaded\tier1_iconic_common\Panthera_onca\Panthera_onca_03.jpg
S0175,GBIF_Strigops_habroptila_01,Strigops habroptila,Kakapo,3,llava_interleave,factual,,0.3,0,forced_shr1,data\GBIF\downloaded\tier3_rare_endangered\Strigops_habroptila\Strigops_habroptila_01.jpg
S0176,iNat_Ambystoma_mexicanum_04,Ambystoma mexicanum,Axolotl,2,qwen2vl2b,childrens,,0.7,1,forced_shr1,data\iNaturalist\downloaded\tier2_regionally_known\Ambystoma_mexicanum\Ambystoma_mexicanum_04.jpg
S0177,GBIF_Panthera_tigris_tigris_01,Panthera tigris tigris,Bengal tiger,1,idefics3,childrens,,0.7,0,forced_ehr0,data\GBIF\downloaded\tier1_iconic_common\Panthera_tigris_tigris\Panthera_tigris_tigris_01.jpg
S0178,GBIF_Arctictis_binturong_00,Arctictis binturong,Binturong,2,qwen25vl,mythological,Ancient Greek,0.7,2,forced_evasion,data\GBIF\downloaded\tier2_regionally_known\Arctictis_binturong\Arctictis_binturong_00.jpg
S0179,iNat_Aquila_chrysaetos_01,Aquila chrysaetos,Golden eagle,4,qwen2vl2b,factual,,0.3,0,forced_evasion,data\iNaturalist\downloaded\tier4_visually_confusable\Aquila_chrysaetos\Aquila_chrysaetos_01.jpg
S0180,iNat_Addax_nasomaculatus_04,Addax nasomaculatus,Addax,3,qwen35_9b,factual,,0.7,1,forced_shr1,data\iNaturalist\downloaded\tier3_rare_endangered\Addax_nasomaculatus\Addax_nasomaculatus_04.jpg
S0181,iNat_Equus_quagga_01,Equus quagga,Plains zebra,1,ayavision,conservation,,0.3,1,forced_shr1,data\iNaturalist\downloaded\tier1_iconic_common\Equus_quagga\Equus_quagga_01.jpg
S0182,GBIF_Panthera_tigris_tigris_02,Panthera tigris tigris,Bengal tiger,1,qwen3vl8b,childrens,,0.7,2,forced_ehr0,data\GBIF\downloaded\tier1_iconic_common\Panthera_tigris_tigris\Panthera_tigris_tigris_02.jpg
S0183,iNat_Giraffa_camelopardalis_03,Giraffa camelopardalis,Giraffe,1,qwen2vl2b,mythological,West African (Yoruba),0.3,2,forced_ehr_high,data\iNaturalist\downloaded\tier1_iconic_common\Giraffa_camelopardalis\Giraffa_camelopardalis_03.jpg
S0184,iNat_Ambystoma_mexicanum_01,Ambystoma mexicanum,Axolotl,2,qwen35_9b,factual,,0.3,2,forced_evasion,data\iNaturalist\downloaded\tier2_regionally_known\Ambystoma_mexicanum\Ambystoma_mexicanum_01.jpg
S0185,iNat_Alligator_mississippiensis_04,Alligator mississippiensis,American alligator,4,ayavision,factual,,0.7,0,forced_shr1,data\iNaturalist\downloaded\tier4_visually_confusable\Alligator_mississippiensis\Alligator_mississippiensis_04.jpg
S0186,iNat_Ailurus_fulgens_01,Ailurus fulgens,Red panda,2,idefics3,childrens,,0.7,2,forced_ehr0,data\iNaturalist\downloaded\tier2_regionally_known\Ailurus_fulgens\Ailurus_fulgens_01.jpg
S0187,GBIF_Equus_quagga_01,Equus quagga,Plains zebra,1,qwen2vl2b,conservation,,0.3,1,forced_shr1,data\GBIF\downloaded\tier1_iconic_common\Equus_quagga\Equus_quagga_01.jpg
S0188,iNat_Addax_nasomaculatus_03,Addax nasomaculatus,Addax,3,idefics3,conservation,,0.7,1,forced_shr1,data\iNaturalist\downloaded\tier3_rare_endangered\Addax_nasomaculatus\Addax_nasomaculatus_03.jpg
S0189,iNat_Aquila_chrysaetos_01,Aquila chrysaetos,Golden eagle,4,qwen3vl8b,childrens,,0.7,1,stratified_random,data\iNaturalist\downloaded\tier4_visually_confusable\Aquila_chrysaetos\Aquila_chrysaetos_01.jpg
S0190,iNat_Addax_nasomaculatus_03,Addax nasomaculatus,Addax,3,llava16,conservation,,0.7,2,stratified_random,data\iNaturalist\downloaded\tier3_rare_endangered\Addax_nasomaculatus\Addax_nasomaculatus_03.jpg
S0191,GBIF_Diceros_bicornis_00,Diceros bicornis,Black rhino,3,idefics3,conservation,,0.7,0,forced_evasion,data\GBIF\downloaded\tier3_rare_endangered\Diceros_bicornis\Diceros_bicornis_00.jpg
S0192,iNat_Panthera_pardus_orientalis_00,Panthera pardus orientalis,Amur leopard,3,ayavision,childrens,,0.3,2,forced_shr1,data\iNaturalist\downloaded\tier3_rare_endangered\Panthera_pardus_orientalis\Panthera_pardus_orientalis_00.jpg
S0193,GBIF_Ambystoma_mexicanum_01,Ambystoma mexicanum,Axolotl,2,llava16,childrens,,0.3,1,forced_shr1,data\GBIF\downloaded\tier2_regionally_known\Ambystoma_mexicanum\Ambystoma_mexicanum_01.jpg
S0194,GBIF_Strigops_habroptila_02,Strigops habroptila,Kakapo,3,qwen3vl8b,childrens,,0.3,0,forced_shr1,data\GBIF\downloaded\tier3_rare_endangered\Strigops_habroptila\Strigops_habroptila_02.jpg
S0195,GBIF_Ursus_arctos_00,Ursus arctos,Grizzly bear,4,llava16,childrens,,0.3,2,forced_shr1,data\GBIF\downloaded\tier4_visually_confusable\Ursus_arctos\Ursus_arctos_00.jpg
S0196,GBIF_Pan_troglodytes_02,Pan troglodytes,Chimpanzee,1,qwen2vl2b,factual,,0.7,2,forced_evasion,data\GBIF\downloaded\tier1_iconic_common\Pan_troglodytes\Pan_troglodytes_02.jpg
S0197,iNat_Panthera_tigris_tigris_01,Panthera tigris tigris,Bengal tiger,1,llava_interleave,mythological,Hindu,0.7,2,forced_ehr0,data\iNaturalist\downloaded\tier1_iconic_common\Panthera_tigris_tigris\Panthera_tigris_tigris_01.jpg
S0198,iNat_Dermochelys_coriacea_02,Dermochelys coriacea,Leatherback sea turtle,3,idefics3,childrens,,0.7,0,forced_shr1,data\iNaturalist\downloaded\tier3_rare_endangered\Dermochelys_coriacea\Dermochelys_coriacea_02.jpg
S0199,iNat_Panthera_pardus_orientalis_00,Panthera pardus orientalis,Amur leopard,3,qwen25vl,factual,,0.7,1,stratified_random,data\iNaturalist\downloaded\tier3_rare_endangered\Panthera_pardus_orientalis\Panthera_pardus_orientalis_00.jpg
S0200,iNat_Arctictis_binturong_01,Arctictis binturong,Binturong,2,gemma3,childrens,,0.7,2,forced_shr1,data\iNaturalist\downloaded\tier2_regionally_known\Arctictis_binturong\Arctictis_binturong_01.jpg
S0201,GBIF_Loxodonta_africana_01,Loxodonta africana,African elephant,4,qwen25vl,childrens,,0.3,0,forced_ehr0,data\GBIF\downloaded\tier4_visually_confusable\Loxodonta_africana\Loxodonta_africana_01.jpg
S0202,GBIF_Rhincodon_typus_00,Rhincodon typus,Whale shark,2,gemma4_8b,childrens,,0.7,2,stratified_random,data\GBIF\downloaded\tier2_regionally_known\Rhincodon_typus\Rhincodon_typus_00.jpg
S0203,GBIF_Equus_quagga_01,Equus quagga,Plains zebra,1,llava16,childrens,,0.3,1,stratified_random,data\GBIF\downloaded\tier1_iconic_common\Equus_quagga\Equus_quagga_01.jpg
S0204,GBIF_Balaenoptera_musculus_01,Balaenoptera musculus,Blue whale,3,qwen3vl8b,mythological,East Asian (Chinese/Japanese),0.3,0,forced_shr1,data\GBIF\downloaded\tier3_rare_endangered\Balaenoptera_musculus\Balaenoptera_musculus_01.jpg
S0205,GBIF_Ailurus_fulgens_01,Ailurus fulgens,Red panda,2,gemma4_8b,childrens,,0.7,2,forced_ehr0,data\GBIF\downloaded\tier2_regionally_known\Ailurus_fulgens\Ailurus_fulgens_01.jpg
S0206,iNat_Elephas_maximus_00,Elephas maximus,Asian elephant,4,ayavision,conservation,,0.7,0,forced_shr1,data\iNaturalist\downloaded\tier4_visually_confusable\Elephas_maximus\Elephas_maximus_00.jpg
S0207,GBIF_Alligator_mississippiensis_01,Alligator mississippiensis,American alligator,4,gemma3,mythological,West African (Yoruba),0.3,1,forced_shr1,data\GBIF\downloaded\tier4_visually_confusable\Alligator_mississippiensis\Alligator_mississippiensis_01.jpg
S0208,iNat_Tapirus_terrestris_01,Tapirus terrestris,South American tapir,2,llava_interleave,conservation,,0.3,1,forced_evasion,data\iNaturalist\downloaded\tier2_regionally_known\Tapirus_terrestris\Tapirus_terrestris_01.jpg
S0209,GBIF_Panthera_tigris_tigris_01,Panthera tigris tigris,Bengal tiger,1,qwen3vl8b,conservation,,0.3,1,forced_shr1,data\GBIF\downloaded\tier1_iconic_common\Panthera_tigris_tigris\Panthera_tigris_tigris_01.jpg
S0210,iNat_Pseudoryx_nghetinhensis_00,Pseudoryx nghetinhensis,Saola,3,llava_interleave,mythological,East Asian (Chinese/Japanese),0.3,1,forced_shr1,data\iNaturalist\downloaded\tier3_rare_endangered\Pseudoryx_nghetinhensis\Pseudoryx_nghetinhensis_00.jpg
S0211,GBIF_Diceros_bicornis_02,Diceros bicornis,Black rhino,3,llava_interleave,factual,,0.3,0,forced_ehr0,data\GBIF\downloaded\tier3_rare_endangered\Diceros_bicornis\Diceros_bicornis_02.jpg
S0212,iNat_Addax_nasomaculatus_03,Addax nasomaculatus,Addax,3,gemma3,mythological,Ancient Greek,0.7,1,forced_evasion,data\iNaturalist\downloaded\tier3_rare_endangered\Addax_nasomaculatus\Addax_nasomaculatus_03.jpg
S0213,iNat_Ursus_arctos_03,Ursus arctos,Grizzly bear,4,llava_interleave,factual,,0.7,0,forced_shr1,data\iNaturalist\downloaded\tier4_visually_confusable\Ursus_arctos\Ursus_arctos_03.jpg
S0214,iNat_Giraffa_camelopardalis_00,Giraffa camelopardalis,Giraffe,1,qwen3vl8b,childrens,,0.7,0,forced_ehr0,data\iNaturalist\downloaded\tier1_iconic_common\Giraffa_camelopardalis\Giraffa_camelopardalis_00.jpg
S0215,GBIF_Pseudoryx_nghetinhensis_01,Pseudoryx nghetinhensis,Saola,3,qwen3vl8b,childrens,,0.7,2,forced_ehr_high,data\GBIF\downloaded\tier3_rare_endangered\Pseudoryx_nghetinhensis\Pseudoryx_nghetinhensis_01.jpg
S0216,GBIF_Ailurus_fulgens_01,Ailurus fulgens,Red panda,2,qwen3vl8b,mythological,Ancient Greek,0.7,0,forced_shr1,data\GBIF\downloaded\tier2_regionally_known\Ailurus_fulgens\Ailurus_fulgens_01.jpg
S0217,GBIF_Panthera_leo_00,Panthera leo,African lion,1,gemma3,childrens,,0.3,2,forced_evasion,data\GBIF\downloaded\tier1_iconic_common\Panthera_leo\Panthera_leo_00.jpg
S0218,iNat_Ursus_arctos_03,Ursus arctos,Grizzly bear,4,gemma3,conservation,,0.7,0,forced_evasion,data\iNaturalist\downloaded\tier4_visually_confusable\Ursus_arctos\Ursus_arctos_03.jpg
S0219,iNat_Patagioenas_squamosa_01,Patagioenas squamosa,Scaly-naped pigeon,2,ayavision,childrens,,0.3,0,forced_shr1,data\iNaturalist\downloaded\tier2_regionally_known\Patagioenas_squamosa\Patagioenas_squamosa_01.jpg
S0220,GBIF_Panthera_onca_02,Panthera onca,Jaguar,1,qwen3vl8b,childrens,,0.7,0,forced_shr1,data\GBIF\downloaded\tier1_iconic_common\Panthera_onca\Panthera_onca_02.jpg
S0221,GBIF_Panthera_pardus_01,Panthera pardus,Leopard,4,llava16,mythological,Hindu,0.3,1,forced_shr1,data\GBIF\downloaded\tier4_visually_confusable\Panthera_pardus\Panthera_pardus_01.jpg
S0222,GBIF_Panthera_pardus_00,Panthera pardus,Leopard,4,qwen3vl8b,conservation,,0.3,2,forced_ehr_high,data\GBIF\downloaded\tier4_visually_confusable\Panthera_pardus\Panthera_pardus_00.jpg
S0223,iNat_Giraffa_camelopardalis_02,Giraffa camelopardalis,Giraffe,1,gemma3,factual,,0.3,1,forced_shr1,data\iNaturalist\downloaded\tier1_iconic_common\Giraffa_camelopardalis\Giraffa_camelopardalis_02.jpg
S0224,GBIF_Loxodonta_africana_01,Loxodonta africana,African elephant,4,qwen3vl8b,mythological,West African (Yoruba),0.3,0,forced_ehr_high,data\GBIF\downloaded\tier4_visually_confusable\Loxodonta_africana\Loxodonta_africana_01.jpg
S0225,GBIF_Elephas_maximus_01,Elephas maximus,Asian elephant,4,qwen25vl,factual,,0.3,2,forced_evasion,data\GBIF\downloaded\tier4_visually_confusable\Elephas_maximus\Elephas_maximus_01.jpg
S0226,GBIF_Panthera_onca_02,Panthera onca,Jaguar,1,idefics3,factual,,0.3,0,forced_evasion,data\GBIF\downloaded\tier1_iconic_common\Panthera_onca\Panthera_onca_02.jpg
S0227,iNat_Arctictis_binturong_01,Arctictis binturong,Binturong,2,qwen25vl,conservation,,0.3,0,forced_evasion,data\iNaturalist\downloaded\tier2_regionally_known\Arctictis_binturong\Arctictis_binturong_01.jpg
S0228,iNat_Rhinoceros_unicornis_04,Rhinoceros unicornis,Indian rhinoceros,1,llava_interleave,mythological,Ancient Greek,0.7,1,forced_ehr_high,data\iNaturalist\downloaded\tier1_iconic_common\Rhinoceros_unicornis\Rhinoceros_unicornis_04.jpg
S0229,GBIF_Acipenser_sturio_01,Acipenser sturio,European sturgeon,3,qwen3vl8b,childrens,,0.7,1,forced_ehr0,data\GBIF\downloaded\tier3_rare_endangered\Acipenser_sturio\Acipenser_sturio_01.jpg
S0230,iNat_Giraffa_camelopardalis_04,Giraffa camelopardalis,Giraffe,1,qwen35_9b,childrens,,0.7,0,forced_shr1,data\iNaturalist\downloaded\tier1_iconic_common\Giraffa_camelopardalis\Giraffa_camelopardalis_04.jpg
S0231,iNat_Ursus_maritimus_03,Ursus maritimus,Polar bear,1,qwen3vl8b,factual,,0.7,0,forced_evasion,data\iNaturalist\downloaded\tier1_iconic_common\Ursus_maritimus\Ursus_maritimus_03.jpg
S0232,iNat_Rhincodon_typus_03,Rhincodon typus,Whale shark,2,ayavision,factual,,0.7,0,forced_shr1,data\iNaturalist\downloaded\tier2_regionally_known\Rhincodon_typus\Rhincodon_typus_03.jpg
S0233,iNat_Phocoena_sinus_02,Phocoena sinus,Vaquita,3,qwen2vl2b,factual,,0.3,0,forced_ehr0,data\iNaturalist\downloaded\tier3_rare_endangered\Phocoena_sinus\Phocoena_sinus_02.jpg
S0234,iNat_Ursus_maritimus_03,Ursus maritimus,Polar bear,1,gemma3,mythological,Celtic,0.7,0,forced_evasion,data\iNaturalist\downloaded\tier1_iconic_common\Ursus_maritimus\Ursus_maritimus_03.jpg
S0235,GBIF_Ambystoma_mexicanum_01,Ambystoma mexicanum,Axolotl,2,qwen35_9b,factual,,0.3,1,forced_evasion,data\GBIF\downloaded\tier2_regionally_known\Ambystoma_mexicanum\Ambystoma_mexicanum_01.jpg
S0236,iNat_Panthera_pardus_orientalis_01,Panthera pardus orientalis,Amur leopard,3,qwen2vl2b,mythological,East Asian (Chinese/Japanese),0.7,2,forced_ehr_high,data\iNaturalist\downloaded\tier3_rare_endangered\Panthera_pardus_orientalis\Panthera_pardus_orientalis_01.jpg
S0237,iNat_Strigops_habroptila_02,Strigops habroptila,Kakapo,3,gemma4_8b,factual,,0.7,2,forced_shr1,data\iNaturalist\downloaded\tier3_rare_endangered\Strigops_habroptila\Strigops_habroptila_02.jpg
S0238,iNat_Ursus_arctos_03,Ursus arctos,Grizzly bear,4,qwen35_9b,childrens,,0.7,0,forced_shr1,data\iNaturalist\downloaded\tier4_visually_confusable\Ursus_arctos\Ursus_arctos_03.jpg
S0239,iNat_Panthera_pardus_04,Panthera pardus,Leopard,4,ayavision,childrens,,0.3,1,forced_evasion,data\iNaturalist\downloaded\tier4_visually_confusable\Panthera_pardus\Panthera_pardus_04.jpg
S0240,iNat_Equus_quagga_04,Equus quagga,Plains zebra,1,llava16,factual,,0.7,0,forced_shr1,data\iNaturalist\downloaded\tier1_iconic_common\Equus_quagga\Equus_quagga_04.jpg
S0241,iNat_Ambystoma_mexicanum_00,Ambystoma mexicanum,Axolotl,2,qwen2vl2b,factual,,0.3,2,forced_evasion,data\iNaturalist\downloaded\tier2_regionally_known\Ambystoma_mexicanum\Ambystoma_mexicanum_00.jpg
S0242,iNat_Ursus_americanus_00,Ursus americanus,American black bear,4,ayavision,factual,,0.7,1,forced_evasion,data\iNaturalist\downloaded\tier4_visually_confusable\Ursus_americanus\Ursus_americanus_00.jpg
S0243,iNat_Ursus_maritimus_03,Ursus maritimus,Polar bear,1,gemma4_8b,factual,,0.7,1,forced_shr1,data\iNaturalist\downloaded\tier1_iconic_common\Ursus_maritimus\Ursus_maritimus_03.jpg
S0244,GBIF_Equus_quagga_01,Equus quagga,Plains zebra,1,qwen25vl,mythological,East Asian (Chinese/Japanese),0.3,1,forced_shr1,data\GBIF\downloaded\tier1_iconic_common\Equus_quagga\Equus_quagga_01.jpg
S0245,GBIF_Panthera_pardus_orientalis_02,Panthera pardus orientalis,Amur leopard,3,llava16,factual,,0.7,2,stratified_random,data\GBIF\downloaded\tier3_rare_endangered\Panthera_pardus_orientalis\Panthera_pardus_orientalis_02.jpg
S0246,GBIF_Loxodonta_africana_00,Loxodonta africana,African elephant,4,gemma4_8b,childrens,,0.7,0,forced_ehr0,data\GBIF\downloaded\tier4_visually_confusable\Loxodonta_africana\Loxodonta_africana_00.jpg
S0247,iNat_Aquila_chrysaetos_01,Aquila chrysaetos,Golden eagle,4,gemma3,factual,,0.7,1,forced_evasion,data\iNaturalist\downloaded\tier4_visually_confusable\Aquila_chrysaetos\Aquila_chrysaetos_01.jpg
S0248,iNat_Ursus_maritimus_03,Ursus maritimus,Polar bear,1,qwen35_9b,conservation,,0.7,0,stratified_random,data\iNaturalist\downloaded\tier1_iconic_common\Ursus_maritimus\Ursus_maritimus_03.jpg
S0249,GBIF_Myrmecophaga_tridactyla_02,Myrmecophaga tridactyla,Giant anteater,2,idefics3,childrens,,0.7,0,forced_ehr0,data\GBIF\downloaded\tier2_regionally_known\Myrmecophaga_tridactyla\Myrmecophaga_tridactyla_02.jpg
S0250,iNat_Panthera_pardus_orientalis_00,Panthera pardus orientalis,Amur leopard,3,llava16,childrens,,0.3,1,forced_shr1,data\iNaturalist\downloaded\tier3_rare_endangered\Panthera_pardus_orientalis\Panthera_pardus_orientalis_00.jpg
S0251,GBIF_Alligator_mississippiensis_01,Alligator mississippiensis,American alligator,4,llava_interleave,mythological,West African (Yoruba),0.3,1,stratified_random,data\GBIF\downloaded\tier4_visually_confusable\Alligator_mississippiensis\Alligator_mississippiensis_01.jpg
S0252,GBIF_Panthera_pardus_01,Panthera pardus,Leopard,4,qwen2vl2b,factual,,0.3,1,forced_evasion,data\GBIF\downloaded\tier4_visually_confusable\Panthera_pardus\Panthera_pardus_01.jpg
S0253,iNat_Patagioenas_squamosa_04,Patagioenas squamosa,Scaly-naped pigeon,2,qwen2vl2b,factual,,0.3,2,forced_evasion,data\iNaturalist\downloaded\tier2_regionally_known\Patagioenas_squamosa\Patagioenas_squamosa_04.jpg
S0254,iNat_Panthera_pardus_orientalis_00,Panthera pardus orientalis,Amur leopard,3,qwen25vl,conservation,,0.7,0,stratified_random,data\iNaturalist\downloaded\tier3_rare_endangered\Panthera_pardus_orientalis\Panthera_pardus_orientalis_00.jpg
S0255,iNat_Elephas_maximus_02,Elephas maximus,Asian elephant,4,idefics3,mythological,Hindu,0.7,0,stratified_random,data\iNaturalist\downloaded\tier4_visually_confusable\Elephas_maximus\Elephas_maximus_02.jpg
S0256,iNat_Ursus_arctos_03,Ursus arctos,Grizzly bear,4,llava16,conservation,,0.7,0,forced_shr1,data\iNaturalist\downloaded\tier4_visually_confusable\Ursus_arctos\Ursus_arctos_03.jpg
S0257,iNat_Giraffa_camelopardalis_00,Giraffa camelopardalis,Giraffe,1,gemma3,childrens,,0.7,2,forced_ehr0,data\iNaturalist\downloaded\tier1_iconic_common\Giraffa_camelopardalis\Giraffa_camelopardalis_00.jpg
S0258,iNat_Balaenoptera_musculus_03,Balaenoptera musculus,Blue whale,3,idefics3,factual,,0.3,0,forced_shr1,data\iNaturalist\downloaded\tier3_rare_endangered\Balaenoptera_musculus\Balaenoptera_musculus_03.jpg
S0259,iNat_Ursus_arctos_03,Ursus arctos,Grizzly bear,4,ayavision,conservation,,0.7,0,forced_shr1,data\iNaturalist\downloaded\tier4_visually_confusable\Ursus_arctos\Ursus_arctos_03.jpg
S0260,GBIF_Ambystoma_mexicanum_01,Ambystoma mexicanum,Axolotl,2,qwen2vl2b,factual,,0.3,1,forced_ehr_high,data\GBIF\downloaded\tier2_regionally_known\Ambystoma_mexicanum\Ambystoma_mexicanum_01.jpg
S0261,iNat_Probosciger_aterrimus_03,Probosciger aterrimus,Palm cockatoo,2,qwen25vl,conservation,,0.3,2,forced_shr1,data\iNaturalist\downloaded\tier2_regionally_known\Probosciger_aterrimus\Probosciger_aterrimus_03.jpg
S0262,GBIF_Panthera_pardus_01,Panthera pardus,Leopard,4,qwen35_9b,childrens,,0.7,1,forced_shr1,data\GBIF\downloaded\tier4_visually_confusable\Panthera_pardus\Panthera_pardus_01.jpg
S0263,iNat_Alligator_mississippiensis_01,Alligator mississippiensis,American alligator,4,qwen2vl2b,factual,,0.3,0,forced_shr1,data\iNaturalist\downloaded\tier4_visually_confusable\Alligator_mississippiensis\Alligator_mississippiensis_01.jpg
S0264,iNat_Balaenoptera_musculus_01,Balaenoptera musculus,Blue whale,3,qwen25vl,mythological,West African (Yoruba),0.7,2,forced_shr1,data\iNaturalist\downloaded\tier3_rare_endangered\Balaenoptera_musculus\Balaenoptera_musculus_01.jpg
S0265,iNat_Alligator_mississippiensis_01,Alligator mississippiensis,American alligator,4,idefics3,childrens,,0.7,2,forced_evasion,data\iNaturalist\downloaded\tier4_visually_confusable\Alligator_mississippiensis\Alligator_mississippiensis_01.jpg
S0266,GBIF_Panthera_pardus_02,Panthera pardus,Leopard,4,llava16,conservation,,0.7,1,forced_evasion,data\GBIF\downloaded\tier4_visually_confusable\Panthera_pardus\Panthera_pardus_02.jpg
S0267,iNat_Equus_quagga_04,Equus quagga,Plains zebra,1,qwen25vl,factual,,0.7,0,forced_shr1,data\iNaturalist\downloaded\tier1_iconic_common\Equus_quagga\Equus_quagga_04.jpg
S0268,iNat_Equus_quagga_04,Equus quagga,Plains zebra,1,qwen25vl,conservation,,0.7,0,forced_shr1,data\iNaturalist\downloaded\tier1_iconic_common\Equus_quagga\Equus_quagga_04.jpg
S0269,GBIF_Diceros_bicornis_02,Diceros bicornis,Black rhino,3,ayavision,mythological,Ancient Greek,0.7,0,forced_evasion,data\GBIF\downloaded\tier3_rare_endangered\Diceros_bicornis\Diceros_bicornis_02.jpg
S0270,iNat_Diceros_bicornis_02,Diceros bicornis,Black rhino,3,qwen25vl,mythological,East Asian (Chinese/Japanese),0.3,1,forced_shr1,data\iNaturalist\downloaded\tier3_rare_endangered\Diceros_bicornis\Diceros_bicornis_02.jpg
S0271,GBIF_Panthera_pardus_orientalis_00,Panthera pardus orientalis,Amur leopard,3,qwen3vl8b,factual,,0.3,0,forced_evasion,data\GBIF\downloaded\tier3_rare_endangered\Panthera_pardus_orientalis\Panthera_pardus_orientalis_00.jpg
S0272,GBIF_Equus_quagga_00,Equus quagga,Plains zebra,1,ayavision,childrens,,0.7,1,forced_shr1,data\GBIF\downloaded\tier1_iconic_common\Equus_quagga\Equus_quagga_00.jpg
S0273,iNat_Tapirus_terrestris_04,Tapirus terrestris,South American tapir,2,llava_interleave,conservation,,0.7,1,forced_shr1,data\iNaturalist\downloaded\tier2_regionally_known\Tapirus_terrestris\Tapirus_terrestris_04.jpg
S0274,iNat_Tapirus_terrestris_03,Tapirus terrestris,South American tapir,2,qwen25vl,conservation,,0.7,0,forced_ehr_high,data\iNaturalist\downloaded\tier2_regionally_known\Tapirus_terrestris\Tapirus_terrestris_03.jpg
S0275,iNat_Giraffa_camelopardalis_04,Giraffa camelopardalis,Giraffe,1,qwen25vl,conservation,,0.7,1,forced_evasion,data\iNaturalist\downloaded\tier1_iconic_common\Giraffa_camelopardalis\Giraffa_camelopardalis_04.jpg
S0276,iNat_Hydrochoerus_hydrochaeris_04,Hydrochoerus hydrochaeris,Capybara,2,ayavision,conservation,,0.3,1,forced_shr1,data\iNaturalist\downloaded\tier2_regionally_known\Hydrochoerus_hydrochaeris\Hydrochoerus_hydrochaeris_04.jpg
S0277,GBIF_Giraffa_camelopardalis_00,Giraffa camelopardalis,Giraffe,1,qwen35_9b,conservation,,0.3,0,forced_ehr0,data\GBIF\downloaded\tier1_iconic_common\Giraffa_camelopardalis\Giraffa_camelopardalis_00.jpg
S0278,iNat_Panthera_onca_00,Panthera onca,Jaguar,1,gemma3,childrens,,0.3,1,forced_ehr0,data\iNaturalist\downloaded\tier1_iconic_common\Panthera_onca\Panthera_onca_00.jpg
S0279,GBIF_Crocodylus_niloticus_02,Crocodylus niloticus,Nile crocodile,4,qwen3vl8b,factual,,0.7,1,forced_evasion,data\GBIF\downloaded\tier4_visually_confusable\Crocodylus_niloticus\Crocodylus_niloticus_02.jpg
S0280,iNat_Aquila_chrysaetos_02,Aquila chrysaetos,Golden eagle,4,ayavision,conservation,,0.7,0,forced_shr1,data\iNaturalist\downloaded\tier4_visually_confusable\Aquila_chrysaetos\Aquila_chrysaetos_02.jpg
S0281,iNat_Aquila_chrysaetos_01,Aquila chrysaetos,Golden eagle,4,gemma3,mythological,Celtic,0.3,0,forced_evasion,data\iNaturalist\downloaded\tier4_visually_confusable\Aquila_chrysaetos\Aquila_chrysaetos_01.jpg
S0282,GBIF_Equus_quagga_02,Equus quagga,Plains zebra,1,qwen2vl2b,conservation,,0.3,2,forced_shr1,data\GBIF\downloaded\tier1_iconic_common\Equus_quagga\Equus_quagga_02.jpg
S0283,iNat_Hydrochoerus_hydrochaeris_02,Hydrochoerus hydrochaeris,Capybara,2,gemma4_8b,childrens,,0.3,0,forced_evasion,data\iNaturalist\downloaded\tier2_regionally_known\Hydrochoerus_hydrochaeris\Hydrochoerus_hydrochaeris_02.jpg
S0284,iNat_Tapirus_terrestris_03,Tapirus terrestris,South American tapir,2,qwen3vl8b,conservation,,0.3,2,forced_shr1,data\iNaturalist\downloaded\tier2_regionally_known\Tapirus_terrestris\Tapirus_terrestris_03.jpg
S0285,iNat_Ursus_maritimus_03,Ursus maritimus,Polar bear,1,qwen2vl2b,mythological,Celtic,0.7,0,forced_shr1,data\iNaturalist\downloaded\tier1_iconic_common\Ursus_maritimus\Ursus_maritimus_03.jpg
S0286,GBIF_Ursus_maritimus_00,Ursus maritimus,Polar bear,1,llava_interleave,factual,,0.3,2,forced_shr1,data\GBIF\downloaded\tier1_iconic_common\Ursus_maritimus\Ursus_maritimus_00.jpg
S0287,GBIF_Loxodonta_africana_02,Loxodonta africana,African elephant,4,gemma4_8b,childrens,,0.3,2,forced_ehr0,data\GBIF\downloaded\tier4_visually_confusable\Loxodonta_africana\Loxodonta_africana_02.jpg
S0288,GBIF_Acinonyx_jubatus_01,Acinonyx jubatus,Cheetah,4,qwen3vl8b,mythological,East Asian (Chinese/Japanese),0.7,0,forced_ehr_high,data\GBIF\downloaded\tier4_visually_confusable\Acinonyx_jubatus\Acinonyx_jubatus_01.jpg
S0289,iNat_Ursus_maritimus_03,Ursus maritimus,Polar bear,1,gemma4_8b,factual,,0.3,2,forced_shr1,data\iNaturalist\downloaded\tier1_iconic_common\Ursus_maritimus\Ursus_maritimus_03.jpg
S0290,iNat_Alligator_mississippiensis_01,Alligator mississippiensis,American alligator,4,llava16,factual,,0.3,1,forced_shr1,data\iNaturalist\downloaded\tier4_visually_confusable\Alligator_mississippiensis\Alligator_mississippiensis_01.jpg
S0291,iNat_Ursus_maritimus_03,Ursus maritimus,Polar bear,1,qwen2vl2b,factual,,0.7,0,forced_shr1,data\iNaturalist\downloaded\tier1_iconic_common\Ursus_maritimus\Ursus_maritimus_03.jpg
S0292,iNat_Ursus_maritimus_03,Ursus maritimus,Polar bear,1,gemma3,conservation,,0.7,0,forced_evasion,data\iNaturalist\downloaded\tier1_iconic_common\Ursus_maritimus\Ursus_maritimus_03.jpg
S0293,iNat_Panthera_pardus_04,Panthera pardus,Leopard,4,gemma3,childrens,,0.3,2,forced_shr1,data\iNaturalist\downloaded\tier4_visually_confusable\Panthera_pardus\Panthera_pardus_04.jpg
S0294,iNat_Addax_nasomaculatus_04,Addax nasomaculatus,Addax,3,qwen3vl8b,conservation,,0.7,1,forced_shr1,data\iNaturalist\downloaded\tier3_rare_endangered\Addax_nasomaculatus\Addax_nasomaculatus_04.jpg
S0295,iNat_Ambystoma_mexicanum_04,Ambystoma mexicanum,Axolotl,2,gemma3,conservation,,0.7,0,forced_shr1,data\iNaturalist\downloaded\tier2_regionally_known\Ambystoma_mexicanum\Ambystoma_mexicanum_04.jpg
S0296,iNat_Rhincodon_typus_00,Rhincodon typus,Whale shark,2,qwen3vl8b,childrens,,0.3,1,forced_shr1,data\iNaturalist\downloaded\tier2_regionally_known\Rhincodon_typus\Rhincodon_typus_00.jpg
S0297,iNat_Tapirus_terrestris_03,Tapirus terrestris,South American tapir,2,qwen25vl,factual,,0.7,0,forced_shr1,data\iNaturalist\downloaded\tier2_regionally_known\Tapirus_terrestris\Tapirus_terrestris_03.jpg
S0298,iNat_Rhinoceros_unicornis_00,Rhinoceros unicornis,Indian rhinoceros,1,idefics3,mythological,West African (Yoruba),0.3,2,forced_shr1,data\iNaturalist\downloaded\tier1_iconic_common\Rhinoceros_unicornis\Rhinoceros_unicornis_00.jpg
S0299,iNat_Strigops_habroptila_00,Strigops habroptila,Kakapo,3,qwen2vl2b,factual,,0.7,0,forced_evasion,data\iNaturalist\downloaded\tier3_rare_endangered\Strigops_habroptila\Strigops_habroptila_00.jpg
S0300,iNat_Tapirus_terrestris_03,Tapirus terrestris,South American tapir,2,llava_interleave,factual,,0.3,1,forced_shr1,data\iNaturalist\downloaded\tier2_regionally_known\Tapirus_terrestris\Tapirus_terrestris_03.jpg
S0301,iNat_Rhincodon_typus_01,Rhincodon typus,Whale shark,2,gemma4_8b,conservation,,0.7,0,forced_shr1,data\iNaturalist\downloaded\tier2_regionally_known\Rhincodon_typus\Rhincodon_typus_01.jpg
S0302,iNat_Ursus_arctos_03,Ursus arctos,Grizzly bear,4,llava_interleave,childrens,,0.7,0,stratified_random,data\iNaturalist\downloaded\tier4_visually_confusable\Ursus_arctos\Ursus_arctos_03.jpg
S0303,GBIF_Loxodonta_africana_00,Loxodonta africana,African elephant,4,gemma3,childrens,,0.7,1,forced_ehr0,data\GBIF\downloaded\tier4_visually_confusable\Loxodonta_africana\Loxodonta_africana_00.jpg
S0304,iNat_Giraffa_camelopardalis_04,Giraffa camelopardalis,Giraffe,1,gemma4_8b,conservation,,0.3,0,forced_evasion,data\iNaturalist\downloaded\tier1_iconic_common\Giraffa_camelopardalis\Giraffa_camelopardalis_04.jpg
S0305,iNat_Gorilla_beringei_beringei_03,Gorilla beringei beringei,Mountain gorilla,3,ayavision,mythological,Celtic,0.3,2,forced_evasion,data\iNaturalist\downloaded\tier3_rare_endangered\Gorilla_beringei_beringei\Gorilla_beringei_beringei_03.jpg
S0306,iNat_Arctictis_binturong_04,Arctictis binturong,Binturong,2,qwen3vl8b,factual,,0.3,0,forced_evasion,data\iNaturalist\downloaded\tier2_regionally_known\Arctictis_binturong\Arctictis_binturong_04.jpg
S0307,iNat_Balaenoptera_musculus_02,Balaenoptera musculus,Blue whale,3,qwen2vl2b,childrens,,0.3,0,forced_shr1,data\iNaturalist\downloaded\tier3_rare_endangered\Balaenoptera_musculus\Balaenoptera_musculus_02.jpg
S0308,iNat_Ambystoma_mexicanum_04,Ambystoma mexicanum,Axolotl,2,llava16,factual,,0.7,0,forced_shr1,data\iNaturalist\downloaded\tier2_regionally_known\Ambystoma_mexicanum\Ambystoma_mexicanum_04.jpg
S0309,iNat_Giraffa_camelopardalis_00,Giraffa camelopardalis,Giraffe,1,gemma4_8b,conservation,,0.3,2,forced_evasion,data\iNaturalist\downloaded\tier1_iconic_common\Giraffa_camelopardalis\Giraffa_camelopardalis_00.jpg
S0310,iNat_Ursus_arctos_03,Ursus arctos,Grizzly bear,4,ayavision,childrens,,0.7,0,forced_shr1,data\iNaturalist\downloaded\tier4_visually_confusable\Ursus_arctos\Ursus_arctos_03.jpg
S0311,iNat_Giraffa_camelopardalis_04,Giraffa camelopardalis,Giraffe,1,ayavision,mythological,Celtic,0.7,1,forced_evasion,data\iNaturalist\downloaded\tier1_iconic_common\Giraffa_camelopardalis\Giraffa_camelopardalis_04.jpg
S0312,GBIF_Setonix_brachyurus_02,Setonix brachyurus,Quokka,2,qwen35_9b,factual,,0.7,2,forced_shr1,data\GBIF\downloaded\tier2_regionally_known\Setonix_brachyurus\Setonix_brachyurus_02.jpg
S0313,iNat_Panthera_onca_02,Panthera onca,Jaguar,1,idefics3,childrens,,0.7,2,forced_shr1,data\iNaturalist\downloaded\tier1_iconic_common\Panthera_onca\Panthera_onca_02.jpg
S0314,iNat_Patagioenas_squamosa_04,Patagioenas squamosa,Scaly-naped pigeon,2,qwen25vl,childrens,,0.7,0,stratified_random,data\iNaturalist\downloaded\tier2_regionally_known\Patagioenas_squamosa\Patagioenas_squamosa_04.jpg
S0315,iNat_Rhinoceros_unicornis_00,Rhinoceros unicornis,Indian rhinoceros,1,llava_interleave,mythological,West African (Yoruba),0.3,2,forced_evasion,data\iNaturalist\downloaded\tier1_iconic_common\Rhinoceros_unicornis\Rhinoceros_unicornis_00.jpg
S0316,iNat_Ursus_arctos_03,Ursus arctos,Grizzly bear,4,qwen35_9b,mythological,Ancient Greek,0.7,0,stratified_random,data\iNaturalist\downloaded\tier4_visually_confusable\Ursus_arctos\Ursus_arctos_03.jpg
S0317,GBIF_Ursus_maritimus_02,Ursus maritimus,Polar bear,1,gemma4_8b,factual,,0.7,2,forced_shr1,data\GBIF\downloaded\tier1_iconic_common\Ursus_maritimus\Ursus_maritimus_02.jpg
S0318,GBIF_Ambystoma_mexicanum_01,Ambystoma mexicanum,Axolotl,2,qwen35_9b,childrens,,0.3,1,forced_ehr_high,data\GBIF\downloaded\tier2_regionally_known\Ambystoma_mexicanum\Ambystoma_mexicanum_01.jpg
S0319,GBIF_Panthera_pardus_orientalis_01,Panthera pardus orientalis,Amur leopard,3,qwen2vl2b,conservation,,0.7,2,forced_ehr_high,data\GBIF\downloaded\tier3_rare_endangered\Panthera_pardus_orientalis\Panthera_pardus_orientalis_01.jpg
S0320,iNat_Tapirus_terrestris_03,Tapirus terrestris,South American tapir,2,qwen35_9b,conservation,,0.7,0,forced_shr1,data\iNaturalist\downloaded\tier2_regionally_known\Tapirus_terrestris\Tapirus_terrestris_03.jpg
S0321,iNat_Ailurus_fulgens_00,Ailurus fulgens,Red panda,2,qwen3vl8b,mythological,Celtic,0.7,1,forced_ehr0,data\iNaturalist\downloaded\tier2_regionally_known\Ailurus_fulgens\Ailurus_fulgens_00.jpg
S0322,GBIF_Panthera_pardus_orientalis_02,Panthera pardus orientalis,Amur leopard,3,idefics3,mythological,West African (Yoruba),0.7,1,forced_ehr_high,data\GBIF\downloaded\tier3_rare_endangered\Panthera_pardus_orientalis\Panthera_pardus_orientalis_02.jpg
S0323,iNat_Tapirus_terrestris_03,Tapirus terrestris,South American tapir,2,idefics3,conservation,,0.7,0,forced_shr1,data\iNaturalist\downloaded\tier2_regionally_known\Tapirus_terrestris\Tapirus_terrestris_03.jpg
S0324,GBIF_Alligator_mississippiensis_01,Alligator mississippiensis,American alligator,4,gemma4_8b,mythological,West African (Yoruba),0.3,1,forced_shr1,data\GBIF\downloaded\tier4_visually_confusable\Alligator_mississippiensis\Alligator_mississippiensis_01.jpg
S0325,GBIF_Alligator_mississippiensis_01,Alligator mississippiensis,American alligator,4,qwen25vl,childrens,,0.3,1,forced_shr1,data\GBIF\downloaded\tier4_visually_confusable\Alligator_mississippiensis\Alligator_mississippiensis_01.jpg
S0326,iNat_Alligator_mississippiensis_04,Alligator mississippiensis,American alligator,4,llava_interleave,conservation,,0.3,0,forced_evasion,data\iNaturalist\downloaded\tier4_visually_confusable\Alligator_mississippiensis\Alligator_mississippiensis_04.jpg
S0327,iNat_Probosciger_aterrimus_03,Probosciger aterrimus,Palm cockatoo,2,llava_interleave,childrens,,0.7,2,forced_shr1,data\iNaturalist\downloaded\tier2_regionally_known\Probosciger_aterrimus\Probosciger_aterrimus_03.jpg
S0328,GBIF_Pseudoryx_nghetinhensis_01,Pseudoryx nghetinhensis,Saola,3,gemma4_8b,factual,,0.3,1,forced_shr1,data\GBIF\downloaded\tier3_rare_endangered\Pseudoryx_nghetinhensis\Pseudoryx_nghetinhensis_01.jpg
S0329,GBIF_Strigops_habroptila_02,Strigops habroptila,Kakapo,3,llava16,childrens,,0.7,1,forced_shr1,data\GBIF\downloaded\tier3_rare_endangered\Strigops_habroptila\Strigops_habroptila_02.jpg
S0330,iNat_Ambystoma_mexicanum_04,Ambystoma mexicanum,Axolotl,2,gemma4_8b,conservation,,0.7,0,forced_shr1,data\iNaturalist\downloaded\tier2_regionally_known\Ambystoma_mexicanum\Ambystoma_mexicanum_04.jpg
S0331,iNat_Tapirus_terrestris_01,Tapirus terrestris,South American tapir,2,gemma3,conservation,,0.7,1,forced_shr1,data\iNaturalist\downloaded\tier2_regionally_known\Tapirus_terrestris\Tapirus_terrestris_01.jpg
S0332,GBIF_Panthera_pardus_01,Panthera pardus,Leopard,4,gemma3,mythological,Hindu,0.7,1,forced_shr1,data\GBIF\downloaded\tier4_visually_confusable\Panthera_pardus\Panthera_pardus_01.jpg
S0333,GBIF_Acinonyx_jubatus_00,Acinonyx jubatus,Cheetah,4,idefics3,factual,,0.7,2,forced_shr1,data\GBIF\downloaded\tier4_visually_confusable\Acinonyx_jubatus\Acinonyx_jubatus_00.jpg
S0334,iNat_Arctictis_binturong_02,Arctictis binturong,Binturong,2,gemma3,factual,,0.7,2,forced_evasion,data\iNaturalist\downloaded\tier2_regionally_known\Arctictis_binturong\Arctictis_binturong_02.jpg
S0335,iNat_Ursus_americanus_02,Ursus americanus,American black bear,4,qwen35_9b,factual,,0.3,0,forced_shr1,data\iNaturalist\downloaded\tier4_visually_confusable\Ursus_americanus\Ursus_americanus_02.jpg
S0336,GBIF_Equus_quagga_01,Equus quagga,Plains zebra,1,qwen2vl2b,childrens,,0.7,0,forced_ehr0,data\GBIF\downloaded\tier1_iconic_common\Equus_quagga\Equus_quagga_01.jpg
S0337,GBIF_Pseudoryx_nghetinhensis_00,Pseudoryx nghetinhensis,Saola,3,qwen2vl2b,mythological,West African (Yoruba),0.7,0,forced_evasion,data\GBIF\downloaded\tier3_rare_endangered\Pseudoryx_nghetinhensis\Pseudoryx_nghetinhensis_00.jpg
S0338,iNat_Tapirus_terrestris_03,Tapirus terrestris,South American tapir,2,qwen35_9b,mythological,Celtic,0.7,0,forced_shr1,data\iNaturalist\downloaded\tier2_regionally_known\Tapirus_terrestris\Tapirus_terrestris_03.jpg
S0339,GBIF_Giraffa_camelopardalis_02,Giraffa camelopardalis,Giraffe,1,ayavision,mythological,Celtic,0.7,0,forced_shr1,data\GBIF\downloaded\tier1_iconic_common\Giraffa_camelopardalis\Giraffa_camelopardalis_02.jpg
S0340,iNat_Panthera_onca_01,Panthera onca,Jaguar,1,gemma4_8b,childrens,,0.3,0,forced_shr1,data\iNaturalist\downloaded\tier1_iconic_common\Panthera_onca\Panthera_onca_01.jpg
S0341,GBIF_Tapirus_terrestris_01,Tapirus terrestris,South American tapir,2,llava_interleave,conservation,,0.3,2,forced_evasion,data\GBIF\downloaded\tier2_regionally_known\Tapirus_terrestris\Tapirus_terrestris_01.jpg
S0342,GBIF_Ambystoma_mexicanum_01,Ambystoma mexicanum,Axolotl,2,qwen2vl2b,mythological,East Asian (Chinese/Japanese),0.3,1,forced_shr1,data\GBIF\downloaded\tier2_regionally_known\Ambystoma_mexicanum\Ambystoma_mexicanum_01.jpg
S0343,GBIF_Probosciger_aterrimus_02,Probosciger aterrimus,Palm cockatoo,2,llava_interleave,childrens,,0.7,1,forced_shr1,data\GBIF\downloaded\tier2_regionally_known\Probosciger_aterrimus\Probosciger_aterrimus_02.jpg
S0344,iNat_Ursus_maritimus_03,Ursus maritimus,Polar bear,1,qwen3vl8b,mythological,Celtic,0.7,0,forced_shr1,data\iNaturalist\downloaded\tier1_iconic_common\Ursus_maritimus\Ursus_maritimus_03.jpg
S0345,GBIF_Patagioenas_squamosa_01,Patagioenas squamosa,Scaly-naped pigeon,2,idefics3,childrens,,0.3,0,forced_ehr0,data\GBIF\downloaded\tier2_regionally_known\Patagioenas_squamosa\Patagioenas_squamosa_01.jpg
S0346,GBIF_Loxodonta_africana_00,Loxodonta africana,African elephant,4,idefics3,childrens,,0.7,0,forced_ehr0,data\GBIF\downloaded\tier4_visually_confusable\Loxodonta_africana\Loxodonta_africana_00.jpg
S0347,GBIF_Probosciger_aterrimus_00,Probosciger aterrimus,Palm cockatoo,2,llava16,childrens,,0.7,1,forced_shr1,data\GBIF\downloaded\tier2_regionally_known\Probosciger_aterrimus\Probosciger_aterrimus_00.jpg
S0348,iNat_Patagioenas_squamosa_01,Patagioenas squamosa,Scaly-naped pigeon,2,qwen35_9b,conservation,,0.3,1,forced_shr1,data\iNaturalist\downloaded\tier2_regionally_known\Patagioenas_squamosa\Patagioenas_squamosa_01.jpg
S0349,GBIF_Panthera_onca_00,Panthera onca,Jaguar,1,qwen35_9b,conservation,,0.7,1,forced_shr1,data\GBIF\downloaded\tier1_iconic_common\Panthera_onca\Panthera_onca_00.jpg
S0350,iNat_Addax_nasomaculatus_03,Addax nasomaculatus,Addax,3,gemma3,conservation,,0.7,1,forced_shr1,data\iNaturalist\downloaded\tier3_rare_endangered\Addax_nasomaculatus\Addax_nasomaculatus_03.jpg
S0351,iNat_Diceros_bicornis_02,Diceros bicornis,Black rhino,3,qwen2vl2b,factual,,0.3,1,forced_shr1,data\iNaturalist\downloaded\tier3_rare_endangered\Diceros_bicornis\Diceros_bicornis_02.jpg
S0352,GBIF_Pan_troglodytes_01,Pan troglodytes,Chimpanzee,1,gemma4_8b,childrens,,0.7,1,forced_ehr0,data\GBIF\downloaded\tier1_iconic_common\Pan_troglodytes\Pan_troglodytes_01.jpg
S0353,GBIF_Alligator_mississippiensis_01,Alligator mississippiensis,American alligator,4,gemma4_8b,conservation,,0.3,1,forced_shr1,data\GBIF\downloaded\tier4_visually_confusable\Alligator_mississippiensis\Alligator_mississippiensis_01.jpg
S0354,GBIF_Rhinoceros_unicornis_02,Rhinoceros unicornis,Indian rhinoceros,1,llava16,mythological,Ancient Greek,0.7,2,forced_evasion,data\GBIF\downloaded\tier1_iconic_common\Rhinoceros_unicornis\Rhinoceros_unicornis_02.jpg
S0355,iNat_Ambystoma_mexicanum_00,Ambystoma mexicanum,Axolotl,2,gemma3,factual,,0.7,1,forced_ehr_high,data\iNaturalist\downloaded\tier2_regionally_known\Ambystoma_mexicanum\Ambystoma_mexicanum_00.jpg
S0356,iNat_Setonix_brachyurus_04,Setonix brachyurus,Quokka,2,gemma3,childrens,,0.3,2,forced_shr1,data\iNaturalist\downloaded\tier2_regionally_known\Setonix_brachyurus\Setonix_brachyurus_04.jpg
S0357,iNat_Acinonyx_jubatus_00,Acinonyx jubatus,Cheetah,4,idefics3,childrens,,0.7,1,forced_ehr0,data\iNaturalist\downloaded\tier4_visually_confusable\Acinonyx_jubatus\Acinonyx_jubatus_00.jpg
S0358,GBIF_Acipenser_sturio_01,Acipenser sturio,European sturgeon,3,qwen3vl8b,childrens,,0.7,0,stratified_random,data\GBIF\downloaded\tier3_rare_endangered\Acipenser_sturio\Acipenser_sturio_01.jpg
S0359,iNat_Ursus_maritimus_03,Ursus maritimus,Polar bear,1,qwen3vl8b,conservation,,0.7,0,forced_shr1,data\iNaturalist\downloaded\tier1_iconic_common\Ursus_maritimus\Ursus_maritimus_03.jpg
S0360,iNat_Hippopotamus_amphibius_02,Hippopotamus amphibius,Hippopotamus,1,qwen35_9b,mythological,East Asian (Chinese/Japanese),0.7,2,forced_evasion,data\iNaturalist\downloaded\tier1_iconic_common\Hippopotamus_amphibius\Hippopotamus_amphibius_02.jpg
